-- --------------------------------------------------------
-- Host:                         127.0.0.1
-- Server version:               10.4.32-MariaDB - mariadb.org binary distribution
-- Server OS:                    Win64
-- HeidiSQL Version:             12.6.0.6765
-- --------------------------------------------------------

/*!40101 SET @OLD_CHARACTER_SET_CLIENT=@@CHARACTER_SET_CLIENT */;
/*!40101 SET NAMES utf8 */;
/*!50503 SET NAMES utf8mb4 */;
/*!40103 SET @OLD_TIME_ZONE=@@TIME_ZONE */;
/*!40103 SET TIME_ZONE='+00:00' */;
/*!40014 SET @OLD_FOREIGN_KEY_CHECKS=@@FOREIGN_KEY_CHECKS, FOREIGN_KEY_CHECKS=0 */;
/*!40101 SET @OLD_SQL_MODE=@@SQL_MODE, SQL_MODE='NO_AUTO_VALUE_ON_ZERO' */;
/*!40111 SET @OLD_SQL_NOTES=@@SQL_NOTES, SQL_NOTES=0 */;


-- Dumping database structure for andalan
CREATE DATABASE IF NOT EXISTS `andalan` /*!40100 DEFAULT CHARACTER SET utf8mb4 COLLATE utf8mb4_general_ci */;
USE `andalan`;

-- Dumping structure for table andalan.clients
CREATE TABLE IF NOT EXISTS `clients` (
  `id` bigint(20) unsigned NOT NULL AUTO_INCREMENT,
  `name` varchar(255) NOT NULL,
  `client_id` varchar(10) DEFAULT NULL,
  `email` varchar(255) DEFAULT NULL,
  `password` varchar(255) DEFAULT NULL,
  `phone` varchar(25) DEFAULT NULL,
  `program` varchar(255) DEFAULT NULL,
  `start_date` timestamp NOT NULL DEFAULT current_timestamp() ON UPDATE current_timestamp(),
  `goal` varchar(255) DEFAULT NULL,
  `birth_date` timestamp NULL DEFAULT NULL,
  `is_active` tinyint(1) DEFAULT 1,
  `status` varchar(50) DEFAULT NULL,
  `created_at` timestamp NULL DEFAULT current_timestamp(),
  `updated_at` timestamp NULL DEFAULT NULL,
  `created_by` int(11) DEFAULT NULL,
  `updated_by` int(11) DEFAULT NULL,
  PRIMARY KEY (`id`) USING BTREE
) ENGINE=InnoDB AUTO_INCREMENT=135 DEFAULT CHARSET=utf8mb4 COLLATE=utf8mb4_general_ci;

-- Dumping data for table andalan.clients: ~92 rows (approximately)
INSERT INTO `clients` (`id`, `name`, `client_id`, `email`, `password`, `phone`, `program`, `start_date`, `goal`, `birth_date`, `is_active`, `status`, `created_at`, `updated_at`, `created_by`, `updated_by`) VALUES
	(41, 'Argya Hazwl Bachtiar', NULL, NULL, NULL, NULL, NULL, '2024-12-02 05:17:31', NULL, NULL, 1, 'new', '2024-12-02 05:17:31', NULL, 3, NULL),
	(42, 'Ariya Kassapa', NULL, NULL, NULL, NULL, NULL, '2024-12-02 05:17:31', NULL, NULL, 1, 'new', '2024-12-02 05:17:31', NULL, 3, NULL),
	(43, 'Ashton Setiawan', NULL, NULL, NULL, NULL, NULL, '2024-12-02 05:17:31', NULL, NULL, 1, 'new', '2024-12-02 05:17:31', NULL, 3, NULL),
	(44, 'Axel Nathaniel Susanto', NULL, NULL, NULL, NULL, NULL, '2024-12-02 05:17:31', NULL, NULL, 1, 'new', '2024-12-02 05:17:31', NULL, 3, NULL),
	(45, 'Bryan Jonathan Kovith', NULL, NULL, NULL, NULL, NULL, '2024-12-02 05:17:31', NULL, NULL, 1, 'new', '2024-12-02 05:17:31', NULL, 3, NULL),
	(46, 'Caynon Chen', NULL, NULL, NULL, NULL, NULL, '2024-12-02 05:17:31', NULL, NULL, 1, 'new', '2024-12-02 05:17:31', NULL, 3, NULL),
	(47, 'Christian Lie', NULL, NULL, NULL, NULL, NULL, '2024-12-02 05:17:31', NULL, NULL, 1, 'new', '2024-12-02 05:17:31', NULL, 3, NULL),
	(48, 'Christoff Jeferson', NULL, NULL, NULL, NULL, NULL, '2024-12-02 05:17:31', NULL, NULL, 1, 'new', '2024-12-02 05:17:31', NULL, 3, NULL),
	(49, 'Clairine Emmanuella Koesdjojo', NULL, NULL, NULL, NULL, NULL, '2024-12-02 05:17:31', NULL, NULL, 1, 'new', '2024-12-02 05:17:31', NULL, 3, NULL),
	(50, 'Clayton Chen', NULL, NULL, NULL, NULL, NULL, '2024-12-02 05:17:31', NULL, NULL, 1, 'new', '2024-12-02 05:17:31', NULL, 3, NULL),
	(51, 'Alden Goenanto', NULL, NULL, NULL, NULL, NULL, '2024-12-02 05:17:31', NULL, NULL, 1, 'new', '2024-12-02 05:17:31', NULL, 3, NULL),
	(52, 'Anna Khonana', NULL, NULL, NULL, NULL, NULL, '2024-12-02 05:17:31', NULL, NULL, 1, 'new', '2024-12-02 05:17:31', NULL, 3, NULL),
	(53, 'Denzel Lityo', NULL, NULL, NULL, NULL, NULL, '2024-12-02 05:17:31', NULL, NULL, 1, 'new', '2024-12-02 05:17:31', NULL, 3, NULL),
	(54, 'Denzel Wiryawan', NULL, NULL, NULL, NULL, NULL, '2024-12-02 05:17:31', NULL, NULL, 1, 'new', '2024-12-02 05:17:31', NULL, 3, NULL),
	(55, 'Djoko Oey', NULL, NULL, NULL, NULL, NULL, '2024-12-02 05:17:31', NULL, NULL, 1, 'new', '2024-12-02 05:17:31', NULL, 3, NULL),
	(56, 'Gita Ivana', NULL, NULL, NULL, NULL, NULL, '2024-12-02 05:17:31', NULL, NULL, 1, 'new', '2024-12-02 05:17:31', NULL, 3, NULL),
	(57, 'Harchell Manullang', NULL, NULL, NULL, NULL, NULL, '2024-12-02 05:17:31', NULL, NULL, 1, 'new', '2024-12-02 05:17:31', NULL, 3, NULL),
	(58, 'Jacob Chandra', NULL, NULL, NULL, NULL, NULL, '2024-12-02 05:17:31', NULL, NULL, 1, 'new', '2024-12-02 05:17:31', NULL, 3, NULL),
	(59, 'Jacob Oliver Kurniady', NULL, NULL, NULL, NULL, NULL, '2024-12-02 05:17:31', NULL, NULL, 1, 'new', '2024-12-02 05:17:31', NULL, 3, NULL),
	(60, 'Liorah Elizabeth Kho', NULL, NULL, NULL, NULL, NULL, '2024-12-02 05:17:31', NULL, NULL, 1, 'new', '2024-12-02 05:17:31', NULL, 3, NULL),
	(61, 'Meliana Suhandi', NULL, NULL, NULL, NULL, NULL, '2024-12-02 05:17:31', NULL, NULL, 1, 'new', '2024-12-02 05:17:31', NULL, 3, NULL),
	(62, 'Micah Jody Dharma', NULL, NULL, NULL, NULL, NULL, '2024-12-02 05:17:31', NULL, NULL, 1, 'new', '2024-12-02 05:17:31', NULL, 3, NULL),
	(63, 'Michael Arnoldy', NULL, NULL, NULL, NULL, NULL, '2024-12-02 05:17:31', NULL, NULL, 1, 'new', '2024-12-02 05:17:31', NULL, 3, NULL),
	(64, 'Manika Angelina Sutarto', NULL, NULL, NULL, NULL, NULL, '2024-12-02 05:17:31', NULL, NULL, 1, 'new', '2024-12-02 05:17:31', NULL, 3, NULL),
	(65, 'Muhammad Danishwara Shakahardanu', NULL, NULL, NULL, NULL, NULL, '2024-12-02 05:17:31', NULL, NULL, 1, 'new', '2024-12-02 05:17:31', NULL, 3, NULL),
	(66, 'Priscila Audrey Sutarto', NULL, NULL, NULL, NULL, NULL, '2024-12-02 05:17:31', NULL, NULL, 1, 'new', '2024-12-02 05:17:31', NULL, 3, NULL),
	(67, 'Wikianto Wijaya', NULL, NULL, NULL, NULL, NULL, '2024-12-02 05:17:31', NULL, NULL, 1, 'new', '2024-12-02 05:17:31', NULL, 3, NULL),
	(68, 'Wilson Leondro', NULL, NULL, NULL, NULL, NULL, '2024-12-02 05:17:31', NULL, NULL, 1, 'new', '2024-12-02 05:17:31', NULL, 3, NULL),
	(69, 'Wirya Saputra', NULL, NULL, NULL, NULL, NULL, '2024-12-02 05:17:31', NULL, NULL, 1, 'new', '2024-12-02 05:17:31', NULL, 3, NULL),
	(70, 'Ziggy Wien Utomo', NULL, NULL, NULL, NULL, NULL, '2024-12-02 05:17:31', NULL, NULL, 1, 'new', '2024-12-02 05:17:31', NULL, 3, NULL),
	(71, 'Aulia Fitriana', NULL, NULL, NULL, NULL, NULL, '2024-12-02 05:18:05', NULL, NULL, 1, 'urgent(old)', '2024-12-02 05:18:05', NULL, 3, NULL),
	(72, 'Candy Yoncer', NULL, NULL, NULL, NULL, NULL, '2024-12-02 05:18:05', NULL, NULL, 1, 'urgent(old)', '2024-12-02 05:18:05', NULL, 3, NULL),
	(73, 'Carlen Shaqulle Alfayes', NULL, NULL, NULL, NULL, NULL, '2024-12-02 05:18:05', NULL, NULL, 1, 'urgent(old)', '2024-12-02 05:18:05', NULL, 3, NULL),
	(74, 'Carmello Jericho Susanto', NULL, NULL, NULL, NULL, NULL, '2024-12-02 05:18:05', NULL, NULL, 1, 'urgent(old)', '2024-12-02 05:18:05', NULL, 3, NULL),
	(75, 'Christian Pibadi', NULL, NULL, NULL, NULL, NULL, '2024-12-02 05:18:05', NULL, NULL, 1, 'urgent(old)', '2024-12-02 05:18:05', NULL, 3, NULL),
	(76, 'Daniel Gracio Ngandrawan', NULL, NULL, NULL, NULL, NULL, '2024-12-02 05:18:05', NULL, NULL, 1, 'urgent(old)', '2024-12-02 05:18:05', NULL, 3, NULL),
	(77, 'Danson Wijaya', NULL, NULL, NULL, NULL, NULL, '2024-12-02 05:18:05', NULL, NULL, 1, 'urgent(old)', '2024-12-02 05:18:05', NULL, 3, NULL),
	(78, 'Dave Leonard Wijaya', NULL, NULL, NULL, NULL, NULL, '2024-12-02 05:18:05', NULL, NULL, 1, 'urgent(old)', '2024-12-02 05:18:05', NULL, 3, NULL),
	(79, 'Dedy Goantara', NULL, NULL, NULL, NULL, NULL, '2024-12-02 05:18:05', NULL, NULL, 1, 'urgent(old)', '2024-12-02 05:18:05', NULL, 3, NULL),
	(80, 'Divo Nathanael Joestin', NULL, NULL, NULL, NULL, NULL, '2024-12-02 05:18:05', NULL, NULL, 1, 'urgent(old)', '2024-12-02 05:18:05', NULL, 3, NULL),
	(81, 'Draven Kenneth Kusnadi', NULL, NULL, NULL, NULL, NULL, '2024-12-02 05:18:05', NULL, NULL, 1, 'urgent(old)', '2024-12-02 05:18:05', NULL, 3, NULL),
	(82, 'Edward Louie Soegiharto', NULL, NULL, NULL, NULL, NULL, '2024-12-02 05:18:05', NULL, NULL, 1, 'urgent(old)', '2024-12-02 05:18:05', NULL, 3, NULL),
	(83, 'Evan Ragan Wijaya', NULL, NULL, NULL, NULL, NULL, '2024-12-02 05:18:05', NULL, NULL, 1, 'urgent(old)', '2024-12-02 05:18:05', NULL, 3, NULL),
	(84, 'Gabriel Christopher Wintan Wijaya', NULL, NULL, NULL, NULL, NULL, '2024-12-02 05:18:05', NULL, NULL, 1, 'urgent(old)', '2024-12-02 05:18:05', NULL, 3, NULL),
	(85, 'Gabriela Munandar', NULL, NULL, NULL, NULL, NULL, '2024-12-02 05:18:05', NULL, NULL, 1, 'urgent(old)', '2024-12-02 05:18:05', NULL, 3, NULL),
	(86, 'Georgius Ethan Choa', NULL, NULL, NULL, NULL, NULL, '2024-12-02 05:18:05', NULL, NULL, 1, 'urgent(old)', '2024-12-02 05:18:05', NULL, 3, NULL),
	(87, 'Hendra Pribadi', NULL, NULL, NULL, NULL, NULL, '2024-12-02 05:18:05', NULL, NULL, 1, 'urgent(old)', '2024-12-02 05:18:05', NULL, 3, NULL),
	(88, 'Hendry Sanjaya', NULL, NULL, NULL, NULL, NULL, '2024-12-02 05:18:05', NULL, NULL, 1, 'urgent(old)', '2024-12-02 05:18:05', NULL, 3, NULL),
	(89, 'Ian Tristan Yoncer', NULL, NULL, NULL, NULL, NULL, '2024-12-02 05:18:05', NULL, NULL, 1, 'urgent(old)', '2024-12-02 05:18:05', NULL, 3, NULL),
	(90, 'Ikram Fadhil', NULL, NULL, NULL, NULL, NULL, '2024-12-02 05:18:05', NULL, NULL, 1, 'urgent(old)', '2024-12-02 05:18:05', NULL, 3, NULL),
	(91, 'Jayden Sun', NULL, NULL, NULL, NULL, NULL, '2024-12-02 05:18:05', NULL, NULL, 1, 'urgent(old)', '2024-12-02 05:18:05', NULL, 3, NULL),
	(92, 'Keane Teguh', NULL, NULL, NULL, NULL, NULL, '2024-12-02 05:18:05', NULL, NULL, 1, 'urgent(old)', '2024-12-02 05:18:05', NULL, 3, NULL),
	(93, 'Kendrick Ling', NULL, NULL, NULL, NULL, NULL, '2024-12-02 05:18:05', NULL, NULL, 1, 'urgent(old)', '2024-12-02 05:18:05', NULL, 3, NULL),
	(94, 'Kenneth Marchello Arnoldy', NULL, NULL, NULL, NULL, NULL, '2024-12-02 05:18:05', NULL, NULL, 1, 'urgent(old)', '2024-12-02 05:18:05', NULL, 3, NULL),
	(95, 'Kenneth Teguh', NULL, NULL, NULL, NULL, NULL, '2024-12-02 05:18:05', NULL, NULL, 1, 'urgent(old)', '2024-12-02 05:18:05', NULL, 3, NULL),
	(96, 'Kent Eric Ong', NULL, NULL, NULL, NULL, NULL, '2024-12-02 05:18:05', NULL, NULL, 1, 'urgent(old)', '2024-12-02 05:18:05', NULL, 3, NULL),
	(97, 'Marcel Adhitya Pratama Suryadi', NULL, NULL, NULL, NULL, NULL, '2024-12-02 05:18:05', NULL, NULL, 1, 'urgent(old)', '2024-12-02 05:18:05', NULL, 3, NULL),
	(98, 'Markus Lay', NULL, NULL, NULL, NULL, NULL, '2024-12-02 05:18:05', NULL, NULL, 1, 'urgent(old)', '2024-12-02 05:18:05', NULL, 3, NULL),
	(99, 'Matthew Wilfred', NULL, NULL, NULL, NULL, NULL, '2024-12-02 05:18:05', NULL, NULL, 1, 'urgent(old)', '2024-12-02 05:18:05', NULL, 3, NULL),
	(100, 'Maureen Lohanata', NULL, NULL, NULL, NULL, NULL, '2024-12-02 05:18:05', NULL, NULL, 1, 'urgent(old)', '2024-12-02 05:18:05', NULL, 3, NULL),
	(101, 'Maximillian Garret Paiman', NULL, NULL, NULL, NULL, NULL, '2024-12-02 05:18:05', NULL, NULL, 1, 'urgent(old)', '2024-12-02 05:18:05', NULL, 3, NULL),
	(102, 'Micaillo Daniputra Pertama', NULL, NULL, NULL, NULL, NULL, '2024-12-02 05:18:05', NULL, NULL, 1, 'urgent(old)', '2024-12-02 05:18:05', NULL, 3, NULL),
	(103, 'Nathanael Valencius', NULL, NULL, NULL, NULL, NULL, '2024-12-02 05:18:05', NULL, NULL, 1, 'urgent(old)', '2024-12-02 05:18:05', NULL, 3, NULL),
	(104, 'Nathanael Jeyson Lay', NULL, NULL, NULL, NULL, NULL, '2024-12-02 05:18:05', NULL, NULL, 1, 'urgent(old)', '2024-12-02 05:18:05', NULL, 3, NULL),
	(105, 'Oliver Yohan Yang', NULL, NULL, NULL, NULL, NULL, '2024-12-02 05:18:05', NULL, NULL, 1, 'urgent(old)', '2024-12-02 05:18:05', NULL, 3, NULL),
	(106, 'Owen Toar', NULL, NULL, NULL, NULL, NULL, '2024-12-02 05:18:05', NULL, NULL, 1, 'urgent(old)', '2024-12-02 05:18:05', NULL, 3, NULL),
	(107, 'Rafael Bagaskara Suryadi', NULL, NULL, NULL, NULL, NULL, '2024-12-02 05:18:05', NULL, NULL, 1, 'urgent(old)', '2024-12-02 05:18:05', NULL, 3, NULL),
	(108, 'Raina Aisha Raheem', NULL, NULL, NULL, NULL, NULL, '2024-12-02 05:18:05', NULL, NULL, 1, 'urgent(old)', '2024-12-02 05:18:05', NULL, 3, NULL),
	(109, 'Ralphael and Reynold Kusnoatmadja', NULL, NULL, NULL, NULL, NULL, '2024-12-02 05:18:05', NULL, NULL, 1, 'urgent(old)', '2024-12-02 05:18:05', NULL, 3, NULL),
	(110, 'Riovaldo Renjiro Leonardy', NULL, NULL, NULL, NULL, NULL, '2024-12-02 05:18:05', NULL, NULL, 1, 'urgent(old)', '2024-12-02 05:18:05', NULL, 3, NULL),
	(111, 'Rostiwati', NULL, NULL, NULL, NULL, NULL, '2024-12-02 05:18:05', NULL, NULL, 1, 'urgent(old)', '2024-12-02 05:18:05', NULL, 3, NULL),
	(112, 'Ryansean Bastian Gunawan', NULL, NULL, NULL, NULL, NULL, '2024-12-02 05:18:05', NULL, NULL, 1, 'urgent(old)', '2024-12-02 05:18:05', NULL, 3, NULL),
	(113, 'Sean Agustian', NULL, NULL, NULL, NULL, NULL, '2024-12-02 05:18:05', NULL, NULL, 1, 'urgent(old)', '2024-12-02 05:18:05', NULL, 3, NULL),
	(114, 'Sebastian Gavin Paiman', NULL, NULL, NULL, NULL, NULL, '2024-12-02 05:18:05', NULL, NULL, 1, 'urgent(old)', '2024-12-02 05:18:05', NULL, 3, NULL),
	(115, 'Warren Bennet Surya', NULL, NULL, NULL, NULL, NULL, '2024-12-02 05:18:05', NULL, NULL, 1, 'urgent(old)', '2024-12-02 05:18:05', NULL, 3, NULL),
	(116, 'Willy Hambali', NULL, NULL, NULL, NULL, NULL, '2024-12-02 05:18:05', NULL, NULL, 1, 'urgent(old)', '2024-12-02 05:18:05', NULL, 3, NULL),
	(117, 'Zacharias Chandra', NULL, NULL, NULL, NULL, NULL, '2024-12-02 05:18:05', NULL, NULL, 1, 'urgent(old)', '2024-12-02 05:18:05', NULL, 3, NULL),
	(118, 'Bella Lie', NULL, NULL, NULL, NULL, NULL, '2024-12-02 05:18:20', NULL, NULL, 1, 'active', '2024-12-02 05:18:20', NULL, 3, NULL),
	(119, 'Agassi Goantara', NULL, NULL, NULL, NULL, NULL, '2024-12-02 05:18:20', NULL, NULL, 1, 'active', '2024-12-02 05:18:20', NULL, 3, NULL),
	(120, 'Andrew Lensun', NULL, NULL, NULL, NULL, NULL, '2024-12-02 05:18:20', NULL, NULL, 1, 'active', '2024-12-02 05:18:20', NULL, 3, NULL),
	(121, 'Annabella Yoshepine', NULL, NULL, NULL, NULL, NULL, '2024-12-02 05:18:20', NULL, NULL, 1, 'active', '2024-12-02 05:18:20', NULL, 3, NULL),
	(122, 'David Julius', NULL, NULL, NULL, NULL, NULL, '2024-12-02 05:18:20', NULL, NULL, 1, 'active', '2024-12-02 05:18:20', NULL, 3, NULL),
	(123, 'Dominic Wijaya', NULL, NULL, NULL, NULL, NULL, '2024-12-02 05:18:20', NULL, NULL, 1, 'active', '2024-12-02 05:18:20', NULL, 3, NULL),
	(124, 'Kaleb Ramot Gemilang', NULL, NULL, NULL, NULL, NULL, '2024-12-02 05:18:20', NULL, NULL, 1, 'active', '2024-12-02 05:18:20', NULL, 3, NULL),
	(125, 'Keenan Koesnendar', NULL, NULL, NULL, NULL, NULL, '2024-12-02 05:18:20', NULL, NULL, 1, 'active', '2024-12-02 05:18:20', NULL, 3, NULL),
	(126, 'Kelvin Sanjaya', NULL, NULL, NULL, NULL, NULL, '2024-12-02 05:18:20', NULL, NULL, 1, 'active', '2024-12-02 05:18:20', NULL, 3, NULL),
	(127, 'Kiefer Koesnendar', NULL, NULL, NULL, NULL, NULL, '2024-12-02 05:18:20', NULL, NULL, 1, 'active', '2024-12-02 05:18:20', NULL, 3, NULL),
	(128, 'Leonardo Effendy', NULL, NULL, NULL, NULL, NULL, '2024-12-02 05:18:20', NULL, NULL, 1, 'active', '2024-12-02 05:18:20', NULL, 3, NULL),
	(129, 'Shaun Djuhari', NULL, NULL, NULL, NULL, NULL, '2024-12-02 05:18:20', NULL, NULL, 1, 'active', '2024-12-02 05:18:20', NULL, 3, NULL),
	(130, 'Widyanta Putra Teja', NULL, NULL, NULL, NULL, NULL, '2024-12-02 05:18:20', NULL, NULL, 1, 'active', '2024-12-02 05:18:20', NULL, 3, NULL),
	(131, 'William Gunawan Gui', NULL, NULL, NULL, NULL, NULL, '2024-12-02 05:18:20', NULL, NULL, 1, 'active', '2024-12-02 05:18:20', NULL, 3, NULL),
	(132, 'Yesaya Alexandro Michael Joseph Saudale', NULL, NULL, NULL, NULL, NULL, '2024-12-02 05:18:20', NULL, NULL, 1, 'active', '2024-12-02 05:18:20', NULL, 3, NULL),
	(133, 'Niki Kim', NULL, NULL, NULL, NULL, 'kurus', '2024-12-13 17:00:00', 'pingin kurus', NULL, 1, NULL, '2024-12-14 09:24:26', '2024-12-14 09:24:26', NULL, NULL),
	(134, 'nike', NULL, NULL, NULL, NULL, '-', '2025-03-10 17:00:00', '-', NULL, 1, NULL, '2025-03-11 05:04:56', '2025-03-11 05:04:56', NULL, NULL);

-- Dumping structure for table andalan.failed_jobs
CREATE TABLE IF NOT EXISTS `failed_jobs` (
  `id` bigint(20) unsigned NOT NULL AUTO_INCREMENT,
  `uuid` varchar(255) NOT NULL,
  `connection` text NOT NULL,
  `queue` text NOT NULL,
  `payload` longtext NOT NULL,
  `exception` longtext NOT NULL,
  `failed_at` timestamp NOT NULL DEFAULT current_timestamp(),
  PRIMARY KEY (`id`),
  UNIQUE KEY `failed_jobs_uuid_unique` (`uuid`)
) ENGINE=InnoDB DEFAULT CHARSET=utf8mb4 COLLATE=utf8mb4_unicode_ci;

-- Dumping data for table andalan.failed_jobs: ~0 rows (approximately)

-- Dumping structure for table andalan.head_trainings
CREATE TABLE IF NOT EXISTS `head_trainings` (
  `id` int(11) NOT NULL AUTO_INCREMENT,
  `head_date` timestamp NULL DEFAULT NULL,
  `head_notes` varchar(500) DEFAULT NULL,
  `tab_id` int(11) DEFAULT NULL,
  `client_id` int(11) DEFAULT NULL,
  `updated_at` timestamp NULL DEFAULT NULL,
  `created_at` timestamp NULL DEFAULT current_timestamp(),
  `created_by` int(11) DEFAULT NULL,
  `updated_by` int(11) DEFAULT NULL,
  PRIMARY KEY (`id`) USING BTREE
) ENGINE=InnoDB AUTO_INCREMENT=119 DEFAULT CHARSET=utf8mb4 COLLATE=utf8mb4_general_ci;

-- Dumping data for table andalan.head_trainings: ~79 rows (approximately)
INSERT INTO `head_trainings` (`id`, `head_date`, `head_notes`, `tab_id`, `client_id`, `updated_at`, `created_at`, `created_by`, `updated_by`) VALUES
	(27, '2024-11-29 10:00:00', 'Goblet squat set 3 25kg dan 30 kg', 19, 41, '2024-12-02 05:43:34', '2024-12-02 05:22:55', 2, 2),
	(28, '2024-12-06 10:00:00', NULL, 20, 42, '2024-12-02 05:44:55', '2024-12-02 05:44:55', 2, NULL),
	(29, '2024-10-29 10:00:00', NULL, 21, 43, '2024-12-02 05:50:22', '2024-12-02 05:50:22', 2, NULL),
	(30, '2024-11-05 10:00:00', NULL, 22, 43, '2024-12-02 06:03:54', '2024-12-02 06:03:54', 2, NULL),
	(31, '2024-11-11 10:00:00', NULL, 23, 43, '2024-12-02 06:10:31', '2024-12-02 06:10:31', 2, NULL),
	(32, '2024-11-19 10:00:00', NULL, 24, 43, '2024-12-02 06:19:35', '2024-12-02 06:19:35', 2, NULL),
	(33, '2024-11-24 10:00:00', NULL, 25, 43, '2024-12-02 06:26:02', '2024-12-02 06:26:02', 2, NULL),
	(34, '2024-09-29 10:00:00', NULL, 26, 44, '2024-12-02 06:31:48', '2024-12-02 06:31:48', 2, NULL),
	(35, '2024-10-02 10:00:00', NULL, 26, 44, '2024-12-02 06:35:16', '2024-12-02 06:35:16', 2, NULL),
	(36, '2024-10-09 10:00:00', NULL, 27, 44, '2024-12-02 06:45:28', '2024-12-02 06:45:28', 2, NULL),
	(37, '2024-10-16 10:00:00', NULL, 28, 44, '2024-12-02 06:53:53', '2024-12-02 06:53:53', 2, NULL),
	(38, '2024-10-30 10:00:00', NULL, 29, 44, '2024-12-02 20:45:22', '2024-12-02 20:45:22', 3, NULL),
	(39, '2024-11-05 10:00:00', NULL, 30, 44, '2024-12-02 20:48:33', '2024-12-02 20:48:33', 3, NULL),
	(40, '2024-11-20 10:00:00', 'Kettlebell Deadlift: 1 block all low back', 31, 44, '2024-12-02 21:04:56', '2024-12-02 20:53:58', 3, 3),
	(41, '2024-12-25 17:00:00', 'testing!', 32, 45, '2024-12-25 04:15:10', '2024-12-02 21:18:59', 3, 3),
	(42, '2023-12-20 17:00:00', 'Overly Valgus\n\nGoble Squat w/ Ball Presence/Knee Tracking', 33, 45, '2024-12-02 21:44:06', '2024-12-02 21:37:08', 3, 3),
	(43, '2023-12-27 17:00:00', 'Overly Valgus', 34, 45, '2024-12-02 22:01:25', '2024-12-02 21:45:08', 3, 3),
	(44, '2024-01-04 10:00:00', NULL, 35, 45, '2024-12-02 22:01:06', '2024-12-02 22:01:06', 3, NULL),
	(45, '2024-12-02 10:00:00', NULL, 36, 41, '2024-12-04 20:53:33', '2024-12-04 20:53:33', 3, NULL),
	(46, '2024-01-11 10:00:00', 'tab', 37, 45, '2024-12-25 04:17:14', '2024-12-04 21:32:11', 3, 3),
	(47, '2024-12-03 10:00:00', NULL, 38, 43, '2024-12-04 22:23:20', '2024-12-04 22:23:20', 3, NULL),
	(48, '2024-12-04 10:00:00', 'Foam Rollernya review', 39, 44, '2024-12-05 01:12:25', '2024-12-05 01:09:38', 3, 3),
	(49, '2024-01-18 10:00:00', NULL, 40, 45, '2024-12-05 01:16:55', '2024-12-05 01:16:55', 3, NULL),
	(50, '2024-01-25 10:00:00', NULL, 41, 45, '2024-12-05 01:27:12', '2024-12-05 01:27:12', 3, NULL),
	(51, '2024-01-29 10:00:00', NULL, 42, 45, '2024-12-05 01:31:53', '2024-12-05 01:31:53', 3, NULL),
	(52, '2024-01-31 10:00:00', NULL, 42, 45, '2024-12-05 01:37:17', '2024-12-05 01:37:17', 3, NULL),
	(53, '2024-02-08 10:00:00', NULL, 43, 45, '2024-12-05 01:43:22', '2024-12-05 01:43:22', 3, NULL),
	(54, '2024-02-15 10:00:00', NULL, 44, 45, '2024-12-05 01:49:19', '2024-12-05 01:49:19', 3, NULL),
	(55, '2024-02-29 10:00:00', NULL, 45, 45, '2024-12-05 01:54:13', '2024-12-05 01:54:13', 3, NULL),
	(56, '2024-03-07 10:00:00', NULL, 46, 45, '2024-12-05 01:59:25', '2024-12-05 01:59:25', 3, NULL),
	(57, '2024-03-21 10:00:00', NULL, 47, 45, '2024-12-05 02:09:33', '2024-12-05 02:09:33', 3, NULL),
	(58, '2024-04-04 10:00:00', NULL, 48, 45, '2024-12-05 02:15:22', '2024-12-05 02:15:22', 3, NULL),
	(59, '2024-04-05 10:00:00', NULL, 48, 45, '2024-12-05 02:18:49', '2024-12-05 02:18:49', 3, NULL),
	(60, '2024-04-07 10:00:00', NULL, 49, 45, '2024-12-05 02:21:38', '2024-12-05 02:21:38', 3, NULL),
	(61, '2024-04-08 10:00:00', NULL, 49, 45, '2024-12-05 18:07:36', '2024-12-05 18:07:36', 3, NULL),
	(62, '2024-04-10 10:00:00', NULL, 49, 45, '2024-12-05 18:13:33', '2024-12-05 18:13:33', 3, NULL),
	(63, '2024-04-11 18:20:53', NULL, 49, 45, NULL, '2024-12-05 18:21:26', 3, NULL),
	(64, '2024-04-15 10:00:00', NULL, 50, 45, '2024-12-06 08:02:36', '2024-12-06 08:02:36', 3, NULL),
	(65, '2024-04-30 10:00:00', NULL, 51, 45, '2024-12-06 08:15:13', '2024-12-06 08:15:13', 3, NULL),
	(66, '2024-05-12 10:00:00', NULL, 52, 45, '2024-12-06 08:16:35', '2024-12-06 08:16:35', 3, NULL),
	(67, '2024-05-13 10:00:00', NULL, 52, 45, '2024-12-06 08:16:50', '2024-12-06 08:16:50', 3, NULL),
	(68, '2024-12-09 10:00:00', NULL, 53, 41, '2024-12-08 21:17:10', '2024-12-08 21:17:10', 2, NULL),
	(69, '2024-05-15 10:00:00', NULL, 52, 45, '2024-12-09 04:34:29', '2024-12-09 04:34:29', 3, NULL),
	(70, '2024-06-06 10:00:00', NULL, 54, 45, '2024-12-09 04:38:25', '2024-12-09 04:38:25', 3, NULL),
	(71, '2024-06-17 10:00:00', NULL, 55, 45, '2024-12-09 04:39:05', '2024-12-09 04:39:05', 3, NULL),
	(72, '2024-06-24 10:00:00', NULL, 56, 45, '2024-12-09 04:39:46', '2024-12-09 04:39:46', 3, NULL),
	(74, '2024-07-09 10:00:00', NULL, 57, 45, '2024-12-09 04:42:26', '2024-12-09 04:42:26', 3, NULL),
	(75, '2024-10-07 10:00:00', NULL, 58, 45, '2024-12-09 04:42:51', '2024-12-09 04:42:51', 3, NULL),
	(76, '2024-10-14 10:00:00', NULL, 59, 45, '2024-12-09 04:43:21', '2024-12-09 04:43:21', 3, NULL),
	(77, '2024-10-22 10:00:00', 'Anaknya udah mulai rutin lagi. Goal kedepan kalau dari kita, si Bryan mau gw tutup kakinya, banyakin IR. Makanya masuh RFE langsung.\n\nProwler kaki dia jangan sampe bebek, bilang aja, goal kita itu buat nutup pinggang dia sedikit, supaya kalau mau low, gak harus pake badan.\n\nKemungkinan nanti cuman dia yang kita bench press.', 60, 45, '2024-12-09 04:44:11', '2024-12-09 04:43:46', 3, 3),
	(78, '2024-10-28 10:00:00', '- Ball slam ingetin posisi kaki (mulai dari 2,2 posisi lompat tanpa bola). \n- Pas box split jump, stay diposisi dulu pas digaris, pinggang masuk 4x lutut jangan ikt and jump ke box.\n\n- hooklying diganti midfoot tapi ttp dua kaki.', 61, 45, '2024-12-09 05:41:57', '2024-12-09 05:38:37', 3, 3),
	(79, '2024-11-18 10:00:00', '- kettlebell deadlift berhasil di 32 di paling bawah di set 3. ingetin kayak mau main golf. dibuat 2|4 makesure si pinggang ga berasa.', 62, 45, '2024-12-09 05:42:58', '2024-12-09 05:42:42', 3, 3),
	(80, '2024-12-02 10:00:00', '- Ball slam ingetin posisi kaki (mulai dari 2,2 posisi lompat tanpa bola). \n- Pas box split jump, stay diposisi dulu pas digaris, pinggang masuk 4x lutut jangan ikt and jump ke box.\n\n- skater (1)', 63, 45, '2024-12-09 05:47:39', '2024-12-09 05:47:29', 3, 3),
	(81, '2024-07-22 10:00:00', NULL, 64, 48, NULL, '2024-12-10 05:48:34', 3, NULL),
	(82, '2024-07-29 10:00:00', NULL, 65, 48, NULL, '2024-12-10 05:48:34', 3, NULL),
	(83, '2024-08-05 10:00:00', NULL, 66, 48, NULL, '2024-12-10 05:48:34', 3, NULL),
	(84, '2024-08-19 10:00:00', NULL, 67, 48, NULL, '2024-12-10 05:48:34', 3, NULL),
	(85, '2024-08-26 10:00:00', 'Minggu Depan Side to Side Heavy Ball Scoop Pass', 68, 48, '2024-12-11 04:14:20', '2024-12-10 05:48:34', 3, 3),
	(86, '2024-09-09 10:00:00', NULL, 69, 48, NULL, '2024-12-10 05:48:34', 3, NULL),
	(87, '2024-09-16 10:00:00', NULL, 70, 48, NULL, '2024-12-10 05:48:34', 3, NULL),
	(88, '2024-09-23 10:00:00', NULL, 71, 48, NULL, '2024-12-10 05:48:34', 3, NULL),
	(89, '2024-09-30 10:00:00', NULL, 72, 48, NULL, '2024-12-10 05:48:34', 3, NULL),
	(90, '2024-10-07 10:00:00', NULL, 73, 48, NULL, '2024-12-10 05:48:34', 3, NULL),
	(91, '2024-10-14 10:00:00', NULL, 74, 48, NULL, '2024-12-10 05:48:34', 3, NULL),
	(92, '2024-10-21 10:00:00', NULL, 75, 48, NULL, '2024-12-10 05:48:34', 3, NULL),
	(93, '2024-11-04 10:00:00', NULL, 76, 48, NULL, '2024-12-10 05:48:34', 3, NULL),
	(94, '2024-11-11 10:00:00', NULL, 77, 48, NULL, '2024-12-10 05:48:34', 3, NULL),
	(95, '2024-11-25 10:00:00', 'Prepare For DBL Final Match\n\n\nGroup Training', 78, 48, '2024-12-11 04:14:45', '2024-12-10 05:48:34', 3, 3),
	(96, '2024-12-09 10:00:00', NULL, 79, 48, NULL, '2024-12-10 05:48:34', 3, NULL),
	(97, '2024-11-13 10:00:00', NULL, 80, 50, '2024-12-11 19:10:23', '2024-12-11 19:10:23', 3, NULL),
	(98, '2024-11-15 10:00:00', NULL, 80, 50, '2024-12-11 19:10:35', '2024-12-11 19:10:35', 3, NULL),
	(99, '2024-12-01 10:00:00', NULL, 81, 50, '2024-12-11 19:10:58', '2024-12-11 19:10:58', 3, NULL),
	(100, '2024-12-02 10:00:00', NULL, 81, 50, '2024-12-11 19:11:04', '2024-12-11 19:11:04', 3, NULL),
	(101, '2024-12-04 10:00:00', NULL, 81, 50, '2024-12-11 19:11:10', '2024-12-11 19:11:10', 3, NULL),
	(102, '2024-12-11 10:00:00', 'Di kettlebell DL minggu lalu di block 1 berasa pinggang terus, sekarang dicoba lagi.', 82, 44, '2024-12-11 20:19:06', '2024-12-11 20:00:32', 6, 6),
	(108, '2024-12-07 17:00:00', NULL, 42, 45, '2024-12-16 05:14:22', '2024-12-16 05:14:22', 3, NULL),
	(109, '2024-12-27 17:00:00', NULL, 32, 45, '2024-12-17 03:01:32', '2024-12-17 03:01:32', 3, NULL),
	(114, '2024-01-24 17:00:00', NULL, 41, 45, '2024-12-25 04:45:00', '2024-12-25 04:45:00', 3, NULL),
	(118, '2025-01-05 17:00:00', NULL, 83, 133, '2025-01-08 02:00:39', '2025-01-08 02:00:39', 3, NULL);

-- Dumping structure for table andalan.master_category
CREATE TABLE IF NOT EXISTS `master_category` (
  `id` int(11) NOT NULL AUTO_INCREMENT,
  `category_name` varchar(225) NOT NULL DEFAULT '',
  `updated_at` timestamp NULL DEFAULT NULL,
  `created_at` timestamp NULL DEFAULT current_timestamp(),
  `created_by` int(11) DEFAULT NULL,
  `updated_by` int(11) DEFAULT NULL,
  PRIMARY KEY (`id`) USING BTREE
) ENGINE=InnoDB AUTO_INCREMENT=12 DEFAULT CHARSET=utf8mb4 COLLATE=utf8mb4_general_ci;

-- Dumping data for table andalan.master_category: ~10 rows (approximately)
INSERT INTO `master_category` (`id`, `category_name`, `updated_at`, `created_at`, `created_by`, `updated_by`) VALUES
	(1, 'Hinge', NULL, '2024-02-21 20:35:28', NULL, NULL),
	(2, 'Power', NULL, '2024-02-21 20:35:28', NULL, NULL),
	(3, 'Pull', NULL, '2024-02-21 20:35:28', NULL, NULL),
	(4, 'Push', NULL, '2024-02-21 20:35:28', NULL, NULL),
	(5, 'Cardio', NULL, '2024-02-21 20:35:28', NULL, NULL),
	(6, 'Squat', NULL, '2024-02-21 20:35:28', NULL, NULL),
	(7, 'Hamstring', NULL, '2024-02-21 20:35:28', NULL, NULL),
	(9, 'Breathing', NULL, '2024-12-02 22:20:31', NULL, NULL),
	(10, 'CAMPS', NULL, '2024-12-02 22:20:44', NULL, NULL),
	(11, 'Reset', NULL, '2024-12-04 00:25:19', NULL, NULL);

-- Dumping structure for table andalan.migrations
CREATE TABLE IF NOT EXISTS `migrations` (
  `id` int(10) unsigned NOT NULL AUTO_INCREMENT,
  `migration` varchar(255) NOT NULL,
  `batch` int(11) NOT NULL,
  PRIMARY KEY (`id`)
) ENGINE=InnoDB AUTO_INCREMENT=5 DEFAULT CHARSET=utf8mb4 COLLATE=utf8mb4_unicode_ci;

-- Dumping data for table andalan.migrations: ~4 rows (approximately)
INSERT INTO `migrations` (`id`, `migration`, `batch`) VALUES
	(1, '2014_10_12_000000_create_users_table', 1),
	(2, '2014_10_12_100000_create_password_resets_table', 1),
	(3, '2019_08_19_000000_create_failed_jobs_table', 1),
	(4, '2019_12_14_000001_create_personal_access_tokens_table', 1);

-- Dumping structure for table andalan.movements
CREATE TABLE IF NOT EXISTS `movements` (
  `id` int(11) NOT NULL AUTO_INCREMENT,
  `name` varchar(255) DEFAULT '',
  `categories` varchar(255) DEFAULT NULL,
  `updated_at` timestamp NULL DEFAULT NULL,
  `created_at` timestamp NULL DEFAULT current_timestamp(),
  `created_by` int(11) DEFAULT NULL,
  `updated_by` int(11) DEFAULT NULL,
  PRIMARY KEY (`id`) USING BTREE
) ENGINE=InnoDB AUTO_INCREMENT=512 DEFAULT CHARSET=utf8mb4 COLLATE=utf8mb4_general_ci;

-- Dumping data for table andalan.movements: ~488 rows (approximately)
INSERT INTO `movements` (`id`, `name`, `categories`, `updated_at`, `created_at`, `created_by`, `updated_by`) VALUES
	(1, 'Alternating Bridge March', 'Hamstring', NULL, NULL, NULL, NULL),
	(2, 'Alternating Bridge March Back on Bench', 'Hamstring', NULL, NULL, NULL, NULL),
	(3, 'Alternating Reverse Plank', 'Hamstring', NULL, NULL, NULL, NULL),
	(4, 'Alternating Reverse Plank Spring Ankle', 'Hamstring', NULL, NULL, NULL, NULL),
	(5, 'Bench Hooklying Low Reach', 'Hamstring', '2024-12-02 23:10:33', NULL, NULL, NULL),
	(6, 'Bench Single Leg Hooklying Low Reach', 'Hamstring', '2024-12-02 23:11:07', NULL, NULL, NULL),
	(7, 'Hooklying Calf Raise', 'Hamstring', NULL, NULL, NULL, NULL),
	(8, 'Hooklying Low Reach', 'Hamstring', NULL, NULL, NULL, NULL),
	(9, 'Hooklying Low Reach Midfoot', 'Hamstring', NULL, NULL, NULL, NULL),
	(10, 'Hooklying Low Reach Spring Ankle', 'Hamstring', NULL, NULL, NULL, NULL),
	(11, 'Hooklying Wall Tap', 'Hamstring', NULL, NULL, NULL, NULL),
	(12, 'Hooklying Wall Tap Up and Down', 'Hamstring', NULL, NULL, NULL, NULL),
	(13, 'Reverse Plank', 'Hamstring', NULL, NULL, NULL, NULL),
	(14, 'Single Leg Hooklying Calf Raise', 'Hamstring', NULL, NULL, NULL, NULL),
	(15, 'Single Leg Hooklying Low Reach', 'Hamstring', NULL, NULL, NULL, NULL),
	(16, 'Single Leg Hooklying Low Reach Midfoot', 'Hamstring', NULL, NULL, NULL, NULL),
	(17, 'Single Leg Hooklying Low Reach Oscilating', 'Hamstring', NULL, NULL, NULL, NULL),
	(18, 'Single Leg Hooklying Low Reach Oscilating w/ Slam Ball', 'Hamstring', NULL, NULL, NULL, NULL),
	(19, 'Single Leg Hooklying Low Reach Spring Ankle', 'Hamstring', NULL, NULL, NULL, NULL),
	(20, 'Slider Hamstring Curl', 'Hamstring', NULL, NULL, NULL, NULL),
	(21, 'Slider Hamstring Curl 2/1', 'Hamstring', NULL, NULL, NULL, NULL),
	(22, 'Slider Hamstring Curl Eccentric', 'Hamstring', NULL, NULL, NULL, NULL),
	(23, 'Slider Single Leg Hamstring Curl', 'Hamstring', NULL, NULL, NULL, NULL),
	(24, 'Slider Single Leg Hamstring Curl Eccentric', 'Hamstring', NULL, NULL, NULL, NULL),
	(25, 'Suspension Hamstring Curl', 'Hamstring', NULL, NULL, NULL, NULL),
	(26, 'Suspension Hamstring Curl 2/1', 'Hamstring', NULL, NULL, NULL, NULL),
	(27, 'Swiss Ball Hamstring Curl', 'Hamstring', NULL, NULL, NULL, NULL),
	(28, 'Swiss Ball Hamstring Curl 2/1', 'Hamstring', NULL, NULL, NULL, NULL),
	(29, 'Assisted Single Leg Deadlift', 'Hinge', NULL, NULL, NULL, NULL),
	(30, 'Barbell Deadlift', 'Hinge', NULL, NULL, NULL, NULL),
	(31, 'Barbell Deadlift 2/1', 'Hinge', NULL, NULL, NULL, NULL),
	(32, 'Barbell Deadlift Overcoming Isometric', 'Hinge', NULL, NULL, NULL, NULL),
	(33, 'Barbell Single Leg Deadlift', 'Hinge', NULL, NULL, NULL, NULL),
	(34, 'Barbell Staggered Stance Deadlift', 'Hinge', NULL, NULL, NULL, NULL),
	(35, 'Barbell Staggered Stance Deadlift Overcoming Isometric', 'Hinge', NULL, NULL, NULL, NULL),
	(36, 'Dumbbell Deadlift', 'Hinge', NULL, NULL, NULL, NULL),
	(37, 'Dumbbell Deadlift 2/1', 'Hinge', NULL, NULL, NULL, NULL),
	(38, 'Dumbbell Single Leg Deadlift', 'Hinge', NULL, NULL, NULL, NULL),
	(39, 'Dumbbell Staggered Stance Deadlift', 'Hinge', NULL, NULL, NULL, NULL),
	(40, 'Hinge', 'Hinge', NULL, NULL, NULL, NULL),
	(41, 'Jammer Arm Deadlift', 'Hinge', NULL, NULL, NULL, NULL),
	(42, 'Jammer Arm Single Leg Deadlift', 'Hinge', NULL, NULL, NULL, NULL),
	(43, 'Kettlebell Deadlift', 'Hinge', NULL, NULL, NULL, NULL),
	(45, 'Kettlebell Deadlift 2/1', 'Hinge', NULL, NULL, NULL, NULL),
	(46, 'Kettlebell Single Leg Deadlift', 'Hinge', NULL, NULL, NULL, NULL),
	(47, 'Kettlebell Staggered Stance Deadlift', 'Hinge', NULL, NULL, NULL, NULL),
	(48, 'Kettlebell Staggered Stance Swing', 'Hinge', NULL, NULL, NULL, NULL),
	(49, 'Kettlebell Swing', 'Hinge', NULL, NULL, NULL, NULL),
	(50, 'Landmine Deadlift', 'Hinge', NULL, NULL, NULL, NULL),
	(51, 'Landmine Single Leg Deadlift', 'Hinge', NULL, NULL, NULL, NULL),
	(52, 'Low Cable Single Leg Deadlift', 'Hinge', NULL, NULL, NULL, NULL),
	(53, 'Low Cable Staggered Stance Deadlift', 'Hinge', NULL, NULL, NULL, NULL),
	(54, 'Romanian Deadlift', 'Hinge', NULL, NULL, NULL, NULL),
	(55, 'Single Leg Deadlift', 'Hinge', NULL, NULL, NULL, NULL),
	(56, 'Single Leg Turn', 'Hinge', NULL, NULL, NULL, NULL),
	(57, 'Single Leg Turn w/ Perturbation', 'Hinge', NULL, NULL, NULL, NULL),
	(58, 'Staggered Stance Deadlift Spring Ankle', 'Hinge', NULL, NULL, NULL, NULL),
	(59, 'Sumo Deadlift', 'Hinge', NULL, NULL, NULL, NULL),
	(60, 'Transformer Bar Hinge Deadlift', 'Hinge', NULL, NULL, NULL, NULL),
	(61, 'Trap Bar Deadlift', 'Hinge', NULL, NULL, NULL, NULL),
	(62, 'Trap Bar Deadlift 2/1', 'Hinge', NULL, NULL, NULL, NULL),
	(63, 'Trap Bar Staggered Stance Deadlift', 'Hinge', NULL, NULL, NULL, NULL),
	(64, '45° Counter Slide', 'Power', NULL, NULL, NULL, NULL),
	(65, '45° Counter Slide Double', 'Power', NULL, NULL, NULL, NULL),
	(66, '45° Slide', 'Power', NULL, NULL, NULL, NULL),
	(67, '45° Slide Double', 'Power', NULL, NULL, NULL, NULL),
	(68, '90° Counter Slide', 'Power', NULL, NULL, NULL, NULL),
	(69, '90° Counter Slide Double', 'Power', NULL, NULL, NULL, NULL),
	(70, '90° Slide', 'Power', NULL, NULL, NULL, NULL),
	(71, '90° Slide Double', 'Power', NULL, NULL, NULL, NULL),
	(72, 'Alternating Lateral Hop', 'Power Cardio', NULL, NULL, NULL, NULL),
	(73, 'Alternating Pogo', 'Power Cardio', NULL, NULL, NULL, NULL),
	(74, 'Alternating Reverse Lunge w/ Kettlebell Swing', 'Power Cardio', NULL, NULL, NULL, NULL),
	(75, 'Alternating Sagittal Hop', 'Power Cardio', NULL, NULL, NULL, NULL),
	(76, 'Alternating Sagittal/Lateral Hop', 'Power Cardio', NULL, NULL, NULL, NULL),
	(77, 'Approach Jump', 'Power', NULL, NULL, NULL, NULL),
	(78, 'Approach Jump Double', 'Power', NULL, NULL, NULL, NULL),
	(79, 'Approach Jump Triple', 'Power', NULL, NULL, NULL, NULL),
	(80, 'Ball 90° Punch', 'Power', NULL, NULL, NULL, NULL),
	(81, 'Ball Approach Punch', 'Power', NULL, NULL, NULL, NULL),
	(82, 'Ball Chest Pass Rhythm', 'Power', NULL, NULL, NULL, NULL),
	(83, 'Ball Fake Slam to Split Squat', 'Power', NULL, NULL, NULL, NULL),
	(84, 'Ball Open Step Side to Side Scoop Pass', 'Power Cardio', NULL, NULL, NULL, NULL),
	(85, 'Ball Scoop Pass', 'Power', NULL, NULL, NULL, NULL),
	(86, 'Ball Side Step Side to Side Scoop Pass', 'Power Cardio', NULL, NULL, NULL, NULL),
	(87, 'Ball Side to Side (Open Step) Punch', 'Power', NULL, NULL, NULL, NULL),
	(88, 'Ball Side to Side (Open Step) Punch w/ Band Resistance', 'Power', NULL, NULL, NULL, NULL),
	(89, 'Ball Single Leg Toss', 'Power', NULL, NULL, NULL, NULL),
	(90, 'Ball Single Leg Toss from Depth Drop', 'Power', NULL, NULL, NULL, NULL),
	(91, 'Ball Single Leg Toss from Drop', 'Power', NULL, NULL, NULL, NULL),
	(92, 'Ball Skater Side to Side Scoop Pass', 'Power Cardio', NULL, NULL, NULL, NULL),
	(93, 'Ball Slam', 'Power', NULL, NULL, NULL, NULL),
	(94, 'Ball Staggered Stance Toss', 'Power', NULL, NULL, NULL, NULL),
	(95, 'Ball Staggered Stance Toss from Depth Drop', 'Power', NULL, NULL, NULL, NULL),
	(96, 'Ball Staggered Stance Toss from Drop', 'Power', NULL, NULL, NULL, NULL),
	(97, 'Ball Stepping Scoop Pass', 'Power', NULL, NULL, NULL, NULL),
	(98, 'Ball Supine Chest Pass', 'Power', NULL, NULL, NULL, NULL),
	(99, 'Ball Toss', 'Power', NULL, NULL, NULL, NULL),
	(100, 'Ball Toss from Depth Drop', 'Power', NULL, NULL, NULL, NULL),
	(101, 'Ball Toss from Drop', 'Power', NULL, NULL, NULL, NULL),
	(102, 'Ball Stepping Chest Pass', 'Power', '2024-12-02 22:23:04', NULL, NULL, NULL),
	(103, 'Band Assisted Alternating Pogo', 'Power Cardio', NULL, NULL, NULL, NULL),
	(104, 'Band Assisted First Step', 'Power', NULL, NULL, NULL, NULL),
	(105, 'Band Assisted Hop', 'Power Cardio', NULL, NULL, NULL, NULL),
	(106, 'Band Assisted Jump', 'Power', NULL, NULL, NULL, NULL),
	(107, 'Band Assisted Pogo', 'Power Cardio', NULL, NULL, NULL, NULL),
	(108, 'Band Assisted Single Leg Pogo', 'Power Cardio', NULL, NULL, NULL, NULL),
	(109, 'Band Assisted Staggered Stance Jump', 'Power', NULL, NULL, NULL, NULL),
	(110, 'Band Resisted Broad Jump', 'Power', NULL, NULL, NULL, NULL),
	(111, 'Band Resisted Cross Step from Open Step (Power)', 'Power', NULL, NULL, NULL, NULL),
	(112, 'Band Resisted Lay Up Step', 'Power', NULL, NULL, NULL, NULL),
	(113, 'Band Resisted Slide', 'Power', NULL, NULL, NULL, NULL),
	(114, 'Band Resisted Step Up', 'Power', NULL, NULL, NULL, NULL),
	(115, 'Band Resisted Step Up w/ Initial Step', 'Power', NULL, NULL, NULL, NULL),
	(116, 'Bound', 'Power', NULL, NULL, NULL, NULL),
	(117, 'Box Cross Step Jump', 'Power', NULL, NULL, NULL, NULL),
	(118, 'Box Hop Land on Two', 'Power', NULL, NULL, NULL, NULL),
	(119, 'Box Jump', 'Power', NULL, NULL, NULL, NULL),
	(120, 'Box Jump from Depth Drop', 'Power', NULL, NULL, NULL, NULL),
	(121, 'Box Jump from Drop', 'Power', NULL, NULL, NULL, NULL),
	(122, 'Box Slide Jump', 'Power', NULL, NULL, NULL, NULL),
	(123, 'Box Slide, Cross Step Jump', 'Power', NULL, NULL, NULL, NULL),
	(124, 'Box Split Jump Land on Two', 'Power', NULL, NULL, NULL, NULL),
	(125, 'Broad Jump', 'Power', NULL, NULL, NULL, NULL),
	(126, 'Broad Jump Continuous', 'Power', NULL, NULL, NULL, NULL),
	(127, 'Broad Jump Double', 'Power', NULL, NULL, NULL, NULL),
	(128, 'Broad Jump Triple', 'Power', NULL, NULL, NULL, NULL),
	(129, 'Counter Slide', 'Power', NULL, NULL, NULL, NULL),
	(130, 'Counter Slide Double', 'Power', NULL, NULL, NULL, NULL),
	(131, 'Cross Step from Open Step (Power)', 'Power', NULL, NULL, NULL, NULL),
	(132, 'Cross Step from Open Step (Rhythm)', 'Power', NULL, NULL, NULL, NULL),
	(133, 'Flying Sprint', 'Power Cardio', NULL, NULL, NULL, NULL),
	(134, 'Forward Lunge w/ Vipr Swing', 'Power Cardio', NULL, NULL, NULL, NULL),
	(135, 'Jump from Depth Drop', 'Power', NULL, NULL, NULL, NULL),
	(136, 'Jump from Drop', 'Power', NULL, NULL, NULL, NULL),
	(137, 'Kettlebell Snatch', 'Power', NULL, NULL, NULL, NULL),
	(138, 'Lateral Hop', 'Power Cardio', NULL, NULL, NULL, NULL),
	(139, 'Lateral Jump', 'Power Cardio', NULL, NULL, NULL, NULL),
	(140, 'Line Alternating Lateral Hop', 'Power Cardio', NULL, NULL, NULL, NULL),
	(141, 'Line Alternating Sagittal Hop', 'Power Cardio', NULL, NULL, NULL, NULL),
	(142, 'Line Alternating Sagittal/Lateral Hop', 'Power Cardio', NULL, NULL, NULL, NULL),
	(143, 'Line Lateral Hop', 'Power Cardio', NULL, NULL, NULL, NULL),
	(144, 'Line Lateral Jump', 'Power Cardio', NULL, NULL, NULL, NULL),
	(145, 'Line Sagittal Hop', 'Power Cardio', NULL, NULL, NULL, NULL),
	(146, 'Line Sagittal Jump', 'Power Cardio', NULL, NULL, NULL, NULL),
	(147, 'Line Sagittal/Lateral Hop', 'Power Cardio', NULL, NULL, NULL, NULL),
	(148, 'Line Sagittal/Lateral Jump', 'Power Cardio', NULL, NULL, NULL, NULL),
	(149, 'Open Step Side to Side', 'Power Cardio', NULL, NULL, NULL, NULL),
	(150, 'Pogo', 'Power Cardio', NULL, NULL, NULL, NULL),
	(151, 'Reverse Lunge w/ Kettlebell Swing', 'Power Cardio', NULL, NULL, NULL, NULL),
	(152, 'Reverse Lunge w/ Vipr Swing', 'Power Cardio', NULL, NULL, NULL, NULL),
	(153, 'Sagittal Hop', 'Power Cardio', NULL, NULL, NULL, NULL),
	(154, 'Sagittal Jump', 'Power Cardio', NULL, NULL, NULL, NULL),
	(155, 'Sagittal/Lateral Hop', 'Power Cardio', NULL, NULL, NULL, NULL),
	(156, 'Sagittal/Lateral Jump', 'Power Cardio', NULL, NULL, NULL, NULL),
	(157, 'Side Step Side to Side', 'Power Cardio', NULL, NULL, NULL, NULL),
	(158, 'Side to Side (Open Step) Jab', 'Power', NULL, NULL, NULL, NULL),
	(159, 'Side to Side (Open Step) Jab w/ Band Resistance', 'Power', NULL, NULL, NULL, NULL),
	(160, 'Single Leg Bound', 'Power', NULL, NULL, NULL, NULL),
	(161, 'Single Leg Pogo', 'Power Cardio', NULL, NULL, NULL, NULL),
	(162, 'Skater Side to Side', 'Power Cardio', NULL, NULL, NULL, NULL),
	(163, 'Slide Double', 'Power', NULL, NULL, NULL, NULL),
	(164, 'Split Jump', 'Power', NULL, NULL, NULL, NULL),
	(165, 'Split Jump Double', 'Power', NULL, NULL, NULL, NULL),
	(166, 'Split Jump from Depth Drop', 'Power', NULL, NULL, NULL, NULL),
	(167, 'Split Jump from Drop', 'Power', NULL, NULL, NULL, NULL),
	(168, 'Split Jump Triple', 'Power', NULL, NULL, NULL, NULL),
	(169, 'Sprint', 'Power Cardio', NULL, NULL, NULL, NULL),
	(170, 'Sprint Slide', 'Power Cardio', NULL, NULL, NULL, NULL),
	(171, 'Vipr 45° Open Step Power (Double)', 'Power', NULL, NULL, NULL, NULL),
	(172, 'Vipr 45° Open Step Power (Single)', 'Power', NULL, NULL, NULL, NULL),
	(173, 'Vipr 45° Open Step Power, Rhythm', 'Power', NULL, NULL, NULL, NULL),
	(174, 'Vipr 45° Open Step Power, Rhythm, Rhythm', 'Power', NULL, NULL, NULL, NULL),
	(175, 'Vipr 45° Open Step Rhythm', 'Power Cardio', NULL, NULL, NULL, NULL),
	(176, 'Vipr Cross Step Power (Double)', 'Power', NULL, NULL, NULL, NULL),
	(177, 'Vipr Cross Step Power (Single)', 'Power', NULL, NULL, NULL, NULL),
	(178, 'Vipr Cross Step Power, Rhythm', 'Power', NULL, NULL, NULL, NULL),
	(179, 'Vipr Cross Step Power, Rhythm, Rhythm', 'Power', NULL, NULL, NULL, NULL),
	(180, 'Vipr Cross Step Rhythm', 'Power Cardio', NULL, NULL, NULL, NULL),
	(181, 'Vipr Open Step Power (Double)', 'Power', NULL, NULL, NULL, NULL),
	(182, 'Vipr Open Step Power (Single)', 'Power', NULL, NULL, NULL, NULL),
	(183, 'Vipr Open Step Power, Rhythm', 'Power', NULL, NULL, NULL, NULL),
	(184, 'Vipr Open Step Power, Rhythm, Rhythm', 'Power', NULL, NULL, NULL, NULL),
	(185, 'Vipr Open Step Rhythm', 'Power Cardio', NULL, NULL, NULL, NULL),
	(186, 'Band Assisted Neutral Grip Pull Up', 'Pull', NULL, NULL, NULL, NULL),
	(187, 'Barbell Bentover Row', 'Pull', NULL, NULL, NULL, NULL),
	(188, 'Barbell Chest Supported Row', 'Pull', NULL, NULL, NULL, NULL),
	(189, 'Cable Half Kneeling Row', 'Pull', NULL, NULL, NULL, NULL),
	(190, 'Cable Half Kneeling Single Arm Row', 'Pull', NULL, NULL, NULL, NULL),
	(191, 'Cable Seated Row', 'Pull', NULL, NULL, NULL, NULL),
	(192, 'Cable Short Seated Single Arm Row', 'Pull', NULL, NULL, NULL, NULL),
	(193, 'Cable Single Arm Row', 'Pull', NULL, NULL, NULL, NULL),
	(194, 'Cable Tall Kneeling Row', 'Pull', NULL, NULL, NULL, NULL),
	(195, 'Cable Tall Kneeling Single Arm Row', 'Pull', NULL, NULL, NULL, NULL),
	(196, 'Dumbbell Chest Supported Alternating Row', 'Pull', NULL, NULL, NULL, NULL),
	(197, 'Dumbbell Chest Supported Alternating Row w/ Isometric Hold', 'Pull', NULL, NULL, NULL, NULL),
	(198, 'Dumbbell Chest Supported Row', 'Pull', NULL, NULL, NULL, NULL),
	(199, 'Dumbbell Chest Supported Row Isometric Hold', 'Pull', NULL, NULL, NULL, NULL),
	(200, 'Dumbbell Chest Supported Single Arm Row', 'Pull', NULL, NULL, NULL, NULL),
	(201, 'Dumbbell Renegade Row', 'Pull', NULL, NULL, NULL, NULL),
	(202, 'High Cable Half Kneeling Row', 'Pull', NULL, NULL, NULL, NULL),
	(203, 'High Cable Half Kneeling Single Arm Row', 'Pull', NULL, NULL, NULL, NULL),
	(204, 'High Cable Short Seated Row', 'Pull', NULL, NULL, NULL, NULL),
	(205, 'High Cable Short Seated Single Arm Row', 'Pull', NULL, NULL, NULL, NULL),
	(206, 'High Cable Single Arm Row', 'Pull', NULL, NULL, NULL, NULL),
	(207, 'High Cable Squated Row', 'Pull', NULL, NULL, NULL, NULL),
	(208, 'High Cable Squated Single Arm Row', 'Pull', NULL, NULL, NULL, NULL),
	(209, 'High Cable Tall Kneeling Row', 'Pull', NULL, NULL, NULL, NULL),
	(210, 'High Cable Tall Kneeling Single Arm Row', 'Pull', NULL, NULL, NULL, NULL),
	(211, 'Jammer Arm Bilateral Stance Row', 'Pull', NULL, NULL, NULL, NULL),
	(212, 'Jammer Arm Bilateral Stance Row Explosive', 'Pull', NULL, NULL, NULL, NULL),
	(213, 'Jammer Arm Bilateral Stance Row Explosive (Continuous)', 'Pull', NULL, NULL, NULL, NULL),
	(214, 'Jammer Arm Staggered Stance Row', 'Pull', NULL, NULL, NULL, NULL),
	(215, 'Jammer Arm Staggered Stance Row Explosive', 'Pull', NULL, NULL, NULL, NULL),
	(216, 'Jammer Arm Swing', 'Pull', NULL, NULL, NULL, NULL),
	(217, 'Landmine Bilateral Stance Row', 'Pull', NULL, NULL, NULL, NULL),
	(218, 'Landmine Staggered Stance Row', 'Pull', NULL, NULL, NULL, NULL),
	(219, 'Low Cable Half Kneeling Row', 'Pull', NULL, NULL, NULL, NULL),
	(220, 'Low Cable Half Kneeling Single Arm Row', 'Pull', NULL, NULL, NULL, NULL),
	(221, 'Low Cable Seated Row', 'Pull', NULL, NULL, NULL, NULL),
	(222, 'Low Cable Short Seated Single Arm Row', 'Pull', NULL, NULL, NULL, NULL),
	(223, 'Low Cable Single Arm Row', 'Pull', NULL, NULL, NULL, NULL),
	(224, 'Low Cable Tall Kneeling Row', 'Pull', NULL, NULL, NULL, NULL),
	(225, 'Low Cable Tall Kneeling Single Arm Row', 'Pull', NULL, NULL, NULL, NULL),
	(226, 'Neutral Grip Pull Up', 'Pull', NULL, NULL, NULL, NULL),
	(227, 'Neutral Grip Pull Up Eccentric', 'Pull', NULL, NULL, NULL, NULL),
	(228, 'Neutral Grip Pull Up Explosive', 'Pull', NULL, NULL, NULL, NULL),
	(229, 'Neutral Grip Pull Up Isometric Hold', 'Pull', NULL, NULL, NULL, NULL),
	(230, 'Suspension Archer Row', 'Pull', NULL, NULL, NULL, NULL),
	(231, 'Suspension Archer Row Isometric Hold', 'Pull', NULL, NULL, NULL, NULL),
	(232, 'Suspension Row', 'Pull', NULL, NULL, NULL, NULL),
	(233, 'Suspension Row 2/1', 'Pull', NULL, NULL, NULL, NULL),
	(234, 'Suspension Row Isometric Hold', 'Pull', NULL, NULL, NULL, NULL),
	(236, 'Suspension Seated Row', 'Pull', NULL, NULL, NULL, NULL),
	(237, 'Suspension Single Arm Row', 'Pull', NULL, NULL, NULL, NULL),
	(238, 'Suspension Single Arm Row Isometric Hold', 'Pull', NULL, NULL, NULL, NULL),
	(239, 'Suspension Y Row 2/1', 'Pull', NULL, NULL, NULL, NULL),
	(240, 'Weighted Neutral Grip Pull Up', 'Pull', NULL, NULL, NULL, NULL),
	(241, 'Weighted Neutral Grip Pull Up Eccentric', 'Pull', NULL, NULL, NULL, NULL),
	(242, 'Weighted Neutral Grip Pull Up Isometric Hold', 'Pull', NULL, NULL, NULL, NULL),
	(243, 'Alternating Shoulder Tap', 'Push', NULL, NULL, NULL, NULL),
	(244, 'Band Assisted Push Up Plyometric', 'Push', NULL, NULL, NULL, NULL),
	(245, 'Barbell Abdominal Roll Out', 'Push', NULL, NULL, NULL, NULL),
	(246, 'Barbell Bench Press', 'Push', NULL, NULL, NULL, NULL),
	(247, 'Barbell Floor Press', 'Push', NULL, NULL, NULL, NULL),
	(248, 'Barbell Floor Press Overcoming Isometric', 'Push', NULL, NULL, NULL, NULL),
	(249, 'Bear', 'Push', NULL, NULL, NULL, NULL),
	(250, 'Cable Bilateral Stance Single Arm Press', 'Push', NULL, NULL, NULL, NULL),
	(251, 'Cable Staggered Stance Single Arm Press', 'Push', NULL, NULL, NULL, NULL),
	(252, 'Dead Bug', 'Push', NULL, NULL, NULL, NULL),
	(253, 'Dead Bug Contralateral', 'Push', NULL, NULL, NULL, NULL),
	(254, 'Dead Bug Hands Only', 'Push', NULL, NULL, NULL, NULL),
	(255, 'Dead Bug Ipsilateral', 'Push', NULL, NULL, NULL, NULL),
	(256, 'Dead Bug Legs Only', 'Push', NULL, NULL, NULL, NULL),
	(257, 'Dumbbell Bench Alternating Press', 'Push', NULL, NULL, NULL, NULL),
	(258, 'Dumbbell Bench Press', 'Push', NULL, NULL, NULL, NULL),
	(259, 'Dumbbell Bench Reciprocal Press', 'Push', NULL, NULL, NULL, NULL),
	(260, 'Dumbbell Bench Single Arm Press', 'Push', NULL, NULL, NULL, NULL),
	(261, 'Dumbbell Floor Alternating Press', 'Push', NULL, NULL, NULL, NULL),
	(262, 'Dumbbell Floor Hooklying Alternating Press', 'Push', NULL, NULL, NULL, NULL),
	(263, 'Dumbbell Floor Hooklying Press', 'Push', NULL, NULL, NULL, NULL),
	(264, 'Dumbbell Floor Hooklying Reciprocal Press', 'Push', NULL, NULL, NULL, NULL),
	(265, 'Dumbbell Floor Hooklying Single Arm Press', 'Push', NULL, NULL, NULL, NULL),
	(266, 'Dumbbell Floor Press', 'Push', NULL, NULL, NULL, NULL),
	(267, 'Dumbbell Floor Reciprocal Press', 'Push', NULL, NULL, NULL, NULL),
	(268, 'Dumbbell Floor Single Arm Press', 'Push', NULL, NULL, NULL, NULL),
	(269, 'Dumbbell Incline (2) Bench Alternating Press', 'Push', '2024-12-02 22:15:38', NULL, NULL, NULL),
	(270, 'Dumbbell Incline (2) Bench Press', 'Push', '2024-12-02 22:16:10', NULL, NULL, NULL),
	(271, 'Dumbbell Incline (2) Bench Reciprocal Press', 'Push', '2024-12-02 22:16:24', NULL, NULL, NULL),
	(272, 'Dumbbell Incline (2) Bench Single Arm Press', 'Push', '2024-12-02 22:16:43', NULL, NULL, NULL),
	(273, 'Elbow Plank', 'Push', NULL, NULL, NULL, NULL),
	(274, 'Feet Elevated Plank', 'Push', NULL, NULL, NULL, NULL),
	(275, 'Feet Elevated Push Up', 'Push', NULL, NULL, NULL, NULL),
	(276, 'Feet Elevated Push Up Isometric Hold', 'Push', NULL, NULL, NULL, NULL),
	(277, 'Heel Supported Hip Flexion', 'Push', NULL, NULL, NULL, NULL),
	(278, 'Heel Supported Plank', 'Push', NULL, NULL, NULL, NULL),
	(279, 'Hip Flexion', 'Push', NULL, NULL, NULL, NULL),
	(280, 'Incline Push Up', 'Push', NULL, NULL, NULL, NULL),
	(282, 'Jammer Arm 180° Punch', 'Push', NULL, NULL, NULL, NULL),
	(283, 'Jammer Arm Bilateral Stance Press', 'Push', NULL, NULL, NULL, NULL),
	(284, 'Jammer Arm Bilateral Stance Punch', 'Push', NULL, NULL, NULL, NULL),
	(285, 'Jammer Arm Single Arm Bilateral Stance Press', 'Push', NULL, NULL, NULL, NULL),
	(286, 'Jammer Arm Single Arm Bilateral Stance Punch', 'Push', NULL, NULL, NULL, NULL),
	(287, 'Jammer Arm Single Arm Staggered Stance Press', 'Push', NULL, NULL, NULL, NULL),
	(288, 'Jammer Arm Single Arm Staggered Stance Punch', 'Push', NULL, NULL, NULL, NULL),
	(289, 'Jammer Arm Staggered Stance Press', 'Push', NULL, NULL, NULL, NULL),
	(290, 'Jammer Arm Staggered Stance Punch', 'Push', NULL, NULL, NULL, NULL),
	(291, 'Landmine 90° Punch', 'Push', NULL, NULL, NULL, NULL),
	(292, 'Landmine 90° Punch', 'Push', NULL, NULL, NULL, NULL),
	(293, 'Landmine Bilateral Stance Press', 'Push', NULL, NULL, NULL, NULL),
	(294, 'Landmine Bilateral Stance Punch', 'Push', NULL, NULL, NULL, NULL),
	(295, 'Landmine Bilateral Stance Punch to Staggered Stance', 'Push', NULL, NULL, NULL, NULL),
	(296, 'Landmine H Press', 'Push', NULL, NULL, NULL, NULL),
	(297, 'Landmine H Punch', 'Push', NULL, NULL, NULL, NULL),
	(298, 'Landmine H Punch to Staggered Stance', 'Push', NULL, NULL, NULL, NULL),
	(299, 'Landmine Half Kneeling Press', 'Push', NULL, NULL, NULL, NULL),
	(300, 'Landmine Staggered Stance Press', 'Push', NULL, NULL, NULL, NULL),
	(301, 'Landmine Staggered Stance Press w/ Reach Through', 'Push', NULL, NULL, NULL, NULL),
	(302, 'Landmine Staggered Stance Punch', 'Push', NULL, NULL, NULL, NULL),
	(303, 'Landmine Tall Kneeling Press', 'Push', NULL, NULL, NULL, NULL),
	(304, 'Landmine Tall Kneeling Punch', 'Push', NULL, NULL, NULL, NULL),
	(305, 'Lazy Bear', 'Push', NULL, NULL, NULL, NULL),
	(307, 'Plank', 'Push', NULL, NULL, NULL, NULL),
	(308, 'Push Up', 'Push', NULL, NULL, NULL, NULL),
	(309, 'Push Up Explosive to Plate', 'Push', NULL, NULL, NULL, NULL),
	(310, 'Push Up Isometric Hold', 'Push', NULL, NULL, NULL, NULL),
	(311, 'Push Up Plyometric', 'Push', NULL, NULL, NULL, NULL),
	(312, 'Slider Abdominal Roll Out', 'Push', NULL, NULL, NULL, NULL),
	(313, 'Suspension Abdominal Roll Out', 'Push', NULL, NULL, NULL, NULL),
	(314, 'Suspension Hip Flexion', 'Push', NULL, NULL, NULL, NULL),
	(315, 'Suspension Plank', 'Push', NULL, NULL, NULL, NULL),
	(316, 'Suspension Push Up', 'Push', NULL, NULL, NULL, NULL),
	(317, 'Swiss Ball Abdominal Roll Out', 'Push', NULL, NULL, NULL, NULL),
	(318, 'Swiss Ball Plank', 'Push', NULL, NULL, NULL, NULL),
	(319, 'Barbell Front Squat', 'Squat', NULL, NULL, NULL, NULL),
	(320, 'Barbell High Back Squat', 'Squat', NULL, NULL, NULL, NULL),
	(321, 'Barbell High Back Squat Overcoming Isometric', 'Squat', NULL, NULL, NULL, NULL),
	(322, 'Barbell Low Back Squat', 'Squat', NULL, NULL, NULL, NULL),
	(323, 'Barbell Staggered Stance High Back Squat Overcoming Isometric', 'Squat', NULL, NULL, NULL, NULL),
	(324, 'Depth Squat', 'Squat', NULL, NULL, NULL, NULL),
	(325, 'Double Kettlebell Rack Depth Squat', 'Squat', NULL, NULL, NULL, NULL),
	(326, 'Double Kettlebell Rack Front Foot Elevated Split Squat', 'Squat', NULL, NULL, NULL, NULL),
	(327, 'Double Kettlebell Rack Pistol Squat', 'Squat', NULL, NULL, NULL, NULL),
	(328, 'Double Kettlebell Rack Single Leg Squat to Box', 'Squat', NULL, NULL, NULL, NULL),
	(329, 'Double Kettlebell Rack Skater Squat', 'Squat', NULL, NULL, NULL, NULL),
	(330, 'Double Kettlebell Rack Squat', 'Squat', NULL, NULL, NULL, NULL),
	(331, 'Double Kettlebell Rack Step Up', 'Squat', NULL, NULL, NULL, NULL),
	(332, 'Double Kettlebell Step Down', 'Squat', NULL, NULL, NULL, NULL),
	(333, 'Double Kettlebell Step Up w/ Knee Drive', 'Squat', NULL, NULL, NULL, NULL),
	(334, 'Dumbbell Depth Squat', 'Squat', NULL, NULL, NULL, NULL),
	(335, 'Dumbbell Goblet Squat', 'Squat', NULL, NULL, NULL, NULL),
	(336, 'Dumbbell Lateral Squat', 'Squat', NULL, NULL, NULL, NULL),
	(337, 'Dumbbell Single Leg Calf Raise', 'Squat', NULL, NULL, NULL, NULL),
	(338, 'Dumbbell Step Down', 'Squat', NULL, NULL, NULL, NULL),
	(339, 'Dumbbell Step Up', 'Squat', NULL, NULL, NULL, NULL),
	(340, 'Dumbbell Step Up w/ Knee Drive', 'Squat', NULL, NULL, NULL, NULL),
	(341, 'Forward Lunge', 'Squat', NULL, NULL, NULL, NULL),
	(342, 'Front Foot Elevated Split Squat', 'Squat', NULL, NULL, NULL, NULL),
	(343, 'Front Foot Elevated Split Squat Isometric Hold', 'Squat', NULL, NULL, NULL, NULL),
	(344, 'Front Foot Elevated Split Squat Spring Ankle', 'Squat', NULL, NULL, NULL, NULL),
	(345, 'Front Foot Elevated Split Squat Spring Ankle Isometric Hold', 'Squat', NULL, NULL, NULL, NULL),
	(346, 'Kettlebell Depth Squat', 'Squat', NULL, NULL, NULL, NULL),
	(347, 'Kettlebell Goblet Squat', 'Squat', NULL, NULL, NULL, NULL),
	(348, 'Kettlebell Lateral Squat', 'Squat', NULL, NULL, NULL, NULL),
	(349, 'Kettlebell Rack Front Foot Elevated Split Squat Contralateral', 'Squat', NULL, NULL, NULL, NULL),
	(350, 'Kettlebell Rack Lateral Lunge Contralateral', 'Squat', NULL, NULL, NULL, NULL),
	(351, 'Kettlebell Rack Lateral Squat Contralateral', 'Squat', NULL, NULL, NULL, NULL),
	(352, 'Kettlebell Rack Pistol Squat', 'Squat', NULL, NULL, NULL, NULL),
	(353, 'Kettlebell Rack Single Leg Squat to Box', 'Squat', NULL, NULL, NULL, NULL),
	(354, 'Kettlebell Rack Skater Squat', 'Squat', NULL, NULL, NULL, NULL),
	(355, 'Kettlebell Rack Step Down', 'Squat', NULL, NULL, NULL, NULL),
	(356, 'Kettlebell Rack Step Up Ipsilateral', 'Squat', NULL, NULL, NULL, NULL),
	(357, 'Kettlebell Rack Step Up w/ Knee Drive', 'Squat', NULL, NULL, NULL, NULL),
	(358, 'Kettlebell Single Leg Calf Raise', 'Squat', NULL, NULL, NULL, NULL),
	(359, 'Kettlebell Step Down', 'Squat', NULL, NULL, NULL, NULL),
	(360, 'Kettlebell Step Up', 'Squat', NULL, NULL, NULL, NULL),
	(361, 'Kettlebell Step Up w/ Knee Drive', 'Squat', NULL, NULL, NULL, NULL),
	(362, 'Lateral Lunge', 'Squat', NULL, NULL, NULL, NULL),
	(363, 'Lateral Squat', 'Squat', NULL, NULL, NULL, NULL),
	(364, 'Pistol Squat', 'Squat', NULL, NULL, NULL, NULL),
	(365, 'Rear Foot Elevated Split Squat', 'Squat', NULL, NULL, NULL, NULL),
	(366, 'Rear Foot Elevated Split Squat Isometric', 'Squat', NULL, NULL, NULL, NULL),
	(367, 'Rear Foot Elevated Split Squat Isometric Hold', 'Squat', NULL, NULL, NULL, NULL),
	(368, 'Rear Foot Elevated Split Squat Spring Ankle', 'Squat', NULL, NULL, NULL, NULL),
	(369, 'Rear Foot Elevated Split Squat Spring Ankle Isometric Hold', 'Squat', NULL, NULL, NULL, NULL),
	(370, 'Reverse Lunge', 'Squat', NULL, NULL, NULL, NULL),
	(371, 'Short Stance Split Squat', 'Squat', NULL, NULL, NULL, NULL),
	(372, 'Short Stance Split Squat Spring Ankle', 'Squat', NULL, NULL, NULL, NULL),
	(373, 'Single Leg Calf Raise', 'Squat', NULL, NULL, NULL, NULL),
	(374, 'Single Leg Partial Squat Isometric Hold (Lateral Step)', 'Squat', NULL, NULL, NULL, NULL),
	(375, 'Single Leg Partial Squat Isometric Hold (Sagittal Step)', 'Squat', NULL, NULL, NULL, NULL),
	(376, 'Single Leg Squat to Box', 'Squat', NULL, NULL, NULL, NULL),
	(377, 'Skater Squat', 'Squat', NULL, NULL, NULL, NULL),
	(378, 'Squat', 'Squat', NULL, NULL, NULL, NULL),
	(379, 'Step Down', 'Squat', NULL, NULL, NULL, NULL),
	(380, 'Step Up', 'Squat', NULL, NULL, NULL, NULL),
	(381, 'Step Up w/ Knee Drive', 'Squat', NULL, NULL, NULL, NULL),
	(382, 'Transformer Bar Front Squat', 'Squat', NULL, NULL, NULL, NULL),
	(383, 'Transformer Bar Goblet Squat', 'Squat', NULL, NULL, NULL, NULL),
	(384, 'Transformer Bar Goblet Squat Concentric', 'Squat', NULL, NULL, NULL, NULL),
	(385, 'Transformer Bar Goblet Squat Eccentric', 'Squat', NULL, NULL, NULL, NULL),
	(386, 'Transformer Bar Goblet Squat Isometric', 'Squat', NULL, NULL, NULL, NULL),
	(387, 'Transformer Bar Goblet Squat Oscilating', 'Squat', NULL, NULL, NULL, NULL),
	(388, 'Transformer Bar High Back Squat', 'Squat', NULL, NULL, NULL, NULL),
	(389, 'Transformer Bar Low Back Squat', 'Squat', NULL, NULL, NULL, NULL),
	(390, 'Transformer Bar Safety Squat Bar Squat', 'Squat', NULL, NULL, NULL, NULL),
	(391, 'Transformer Bar Safety Squat Bar Squat Concentric', 'Squat', NULL, NULL, NULL, NULL),
	(392, 'Transformer Bar Safety Squat Bar Squat Eccentric', 'Squat', NULL, NULL, NULL, NULL),
	(393, 'Transformer Bar Safety Squat Bar Squat Isometric', 'Squat', NULL, NULL, NULL, NULL),
	(394, 'Transformer Bar Safety Squat Bar Squat Oscilating', 'Squat', NULL, NULL, NULL, NULL),
	(395, 'Trap Bar Rear Foot Elevated Split Squat', 'Squat', NULL, NULL, NULL, NULL),
	(396, 'Trap Bar Rear Foot Elevated Split Squat Isometric Hold', 'Squat', NULL, NULL, NULL, NULL),
	(397, 'Vipr Single Leg Partial Squat Isometric Hold (Lateral Step)', 'Squat', NULL, NULL, NULL, NULL),
	(398, 'Vipr Single Leg Partial Squat Isometric Hold (Sagittal Step)', 'Squat', NULL, NULL, NULL, NULL),
	(399, 'Ball 90° Punch Continuous', 'Cardio', NULL, NULL, NULL, NULL),
	(400, 'Ball Approach Punch Continuous', 'Cardio', NULL, NULL, NULL, NULL),
	(401, 'Ball Side to Side (Open Step) Punch Continuous', 'Cardio', NULL, NULL, NULL, NULL),
	(402, 'Ball Side to Side (Open Step) Punch w/ Band Resistance Continuous', 'Cardio', NULL, NULL, NULL, NULL),
	(403, 'Ball Stepping Chest Pass Continuous', 'Cardio', NULL, NULL, NULL, NULL),
	(404, 'Ball Stepping Scoop Pass Continuous', 'Cardio', NULL, NULL, NULL, NULL),
	(405, 'Band Resisted Cross Step from Open Step (Pace)', 'Cardio', NULL, NULL, NULL, NULL),
	(406, 'Band Resisted Sprint', 'Cardio', NULL, NULL, NULL, NULL),
	(407, 'Cross Step from Open Step (Pace)', 'Cardio', NULL, NULL, NULL, NULL),
	(408, 'Cross Step Jump Continuous', 'Cardio', NULL, NULL, NULL, NULL),
	(409, 'Kettlebell Volley', 'Cardio', NULL, NULL, NULL, NULL),
	(410, 'Prowler Bound', 'Cardio', NULL, NULL, NULL, NULL),
	(411, 'Prowler Sprint', 'Cardio', NULL, NULL, NULL, NULL),
	(412, 'Reverse/Forward Lunge w/ Vipr Swing', 'Cardio', NULL, NULL, NULL, NULL),
	(413, 'Side to Side (Open Step) Jab w/ Band Resistance Continuous', 'Cardio', NULL, NULL, NULL, NULL),
	(414, 'Slide Jump Continuous', 'Cardio', NULL, NULL, NULL, NULL),
	(415, 'Slide, Cross Step Jump Continuous', 'Cardio', NULL, NULL, NULL, NULL),
	(416, 'Split Jump Rhythm', 'Cardio', NULL, NULL, NULL, NULL),
	(417, 'Sprint Slide Verbal Cue', 'Cardio', NULL, NULL, NULL, NULL),
	(418, 'Sprint Slide Visual Cue', 'Cardio', NULL, NULL, NULL, NULL),
	(419, 'Vipr 45° Open Step Power', 'Cardio', NULL, NULL, NULL, NULL),
	(420, 'Vipr Cross Step Power', 'Cardio', NULL, NULL, NULL, NULL),
	(421, 'Vipr Open Step Power', 'Cardio', NULL, NULL, NULL, NULL),
	(422, 'Supine Plank', 'push', '2024-12-02 05:32:13', '2024-12-02 05:32:13', NULL, NULL),
	(423, 'Dumbbell Incline (4) Bench Alternating Press', 'push', '2024-12-02 22:17:29', '2024-12-02 22:17:29', NULL, NULL),
	(424, 'Dumbbell Incline (4) Bench Press', 'push', '2024-12-02 22:17:42', '2024-12-02 22:17:42', NULL, NULL),
	(425, 'Dumbbell Incline (4) Bench Reciprocal Press', 'push', '2024-12-02 22:17:58', '2024-12-02 22:17:58', NULL, NULL),
	(426, 'Dumbbell Incline (4) Bench Single Arm Press', 'push', '2024-12-02 22:18:58', '2024-12-02 22:18:58', NULL, NULL),
	(427, 'Dumbbell Incline (6) Bench Alternating Press', 'push', '2024-12-02 22:20:19', '2024-12-02 22:20:19', NULL, NULL),
	(428, 'Dumbbell Incline (6) Bench Press', 'push', '2024-12-02 22:20:39', '2024-12-02 22:20:39', NULL, NULL),
	(429, 'Dumbbell Incline (6) Bench Reciprocal Press', 'push', '2024-12-02 22:20:53', '2024-12-02 22:20:53', NULL, NULL),
	(430, 'Dumbbell Incline (6) Bench Single Arm Press', 'push', '2024-12-02 22:21:05', '2024-12-02 22:21:05', NULL, NULL),
	(431, 'Dumbbell Incline (8) Bench Alternating Press', 'push', '2024-12-02 22:22:07', '2024-12-02 22:22:07', NULL, NULL),
	(432, 'Dumbbell Incline (8) Bench Press', 'push', '2024-12-02 22:22:16', '2024-12-02 22:22:16', NULL, NULL),
	(433, 'Dumbbell Incline (8) Bench Reciprocal Press', '', '2024-12-02 22:22:26', '2024-12-02 22:22:26', NULL, NULL),
	(434, 'Dumbbell Incline (8) Bench Single Arm Press', 'push', '2024-12-02 22:22:38', '2024-12-02 22:22:38', NULL, NULL),
	(435, 'Ball Chest Pass Power', 'power', '2024-12-02 22:23:26', '2024-12-02 22:23:26', NULL, NULL),
	(436, 'CAMPS', 'CAMPS', NULL, '2024-12-04 00:19:49', NULL, NULL),
	(437, 'CAMPS Advance', 'CAMPS', NULL, '2024-12-04 00:21:15', NULL, NULL),
	(438, 'CAMPS Back Butt Kick (Power)', 'CAMPS', NULL, '2024-12-04 00:21:15', NULL, NULL),
	(439, 'CAMPS Back Butt Kick (Rhythm)', 'CAMPS', NULL, '2024-12-04 00:21:15', NULL, NULL),
	(440, 'CAMPS Hip Rotate', 'CAMPS', NULL, '2024-12-04 00:21:15', NULL, NULL),
	(441, 'CAMPS Lateral Complex', 'CAMPS', NULL, '2024-12-04 00:21:15', NULL, NULL),
	(442, 'CAMPS Lateral Lunge', 'CAMPS', NULL, '2024-12-04 00:21:15', NULL, NULL),
	(443, 'CAMPS Lateral Squat', 'CAMPS', NULL, '2024-12-04 00:21:15', NULL, NULL),
	(445, 'Barbell Incline (2) Bench Press Press', 'Push', NULL, '2024-12-04 00:23:27', NULL, NULL),
	(446, 'Barbell Incline (2) BenchPress', 'Push', NULL, '2024-12-04 00:23:27', NULL, NULL),
	(447, 'Barbell Incline (4) Bench Press Press', 'Push', NULL, '2024-12-04 00:23:27', NULL, NULL),
	(448, 'Barbell Incline (4) BenchPress', 'Push', NULL, '2024-12-04 00:23:27', NULL, NULL),
	(449, 'Barbell Incline (6) Bench Press Press', 'Push', NULL, '2024-12-04 00:23:27', NULL, NULL),
	(450, 'Barbell Incline (6) BenchPress', 'Push', NULL, '2024-12-04 00:23:27', NULL, NULL),
	(451, 'Barbell Incline (8) Bench Press Press', 'Push', NULL, '2024-12-04 00:23:27', NULL, NULL),
	(452, 'Barbell Incline (8) BenchPress', 'Push', NULL, '2024-12-04 00:23:27', NULL, NULL),
	(453, 'Suspension 90/90 Row Isometric Hold', 'Pull', NULL, '2024-12-04 00:24:14', NULL, NULL),
	(454, 'Suspension 90/90 Row', 'Pull', NULL, '2024-12-04 00:24:14', NULL, NULL),
	(455, 'Suspension SeatedRow Isometric Hold', 'Pull', NULL, '2024-12-04 00:24:14', NULL, NULL),
	(456, '90/90 Hip Lift', 'Reset', NULL, '2024-12-04 00:26:05', NULL, NULL),
	(457, 'Hamstring Curl', 'Hamstring', NULL, '2024-12-04 00:33:41', NULL, NULL),
	(458, 'Dumbbell Chest Supported Alternating Row Hold on Top', 'Pull', NULL, '2024-12-04 00:33:41', NULL, NULL),
	(459, 'Vipr 45° Cross Step', 'Cardio', NULL, '2024-12-04 00:33:41', NULL, NULL),
	(460, '135°Hooklying Low Reach Spring Ankle', 'Hamstring', NULL, '2024-12-04 00:33:41', NULL, NULL),
	(461, 'Single Leg 135°Hooklying Low Reach Spring Ankle', 'Hamstring', NULL, '2024-12-04 00:33:41', NULL, NULL),
	(462, 'Knee Extension', 'Squat', NULL, '2024-12-04 00:33:41', NULL, NULL),
	(463, 'Single Leg Knee Extension', 'Squat', NULL, '2024-12-04 00:33:41', NULL, NULL),
	(464, 'Assault Bike', 'Cardio', NULL, '2024-12-04 00:33:41', NULL, NULL),
	(465, 'Assault Bike Hands Only', 'Cardio', NULL, '2024-12-04 00:33:41', NULL, NULL),
	(466, '60° Wall Squat', 'Squat', NULL, '2024-12-04 00:33:41', NULL, NULL),
	(467, 'Single Leg 60° Wall Squat', 'Squat', NULL, '2024-12-04 00:33:41', NULL, NULL),
	(468, '90° Wall Squat', 'Squat', NULL, '2024-12-04 00:33:41', NULL, NULL),
	(469, 'Single Leg 90° Wall Squat', 'Squat', NULL, '2024-12-04 00:33:41', NULL, NULL),
	(483, 'CAMPS Back Butt Kick (Reflex)', 'CAMPS', NULL, '2024-12-04 20:28:07', NULL, NULL),
	(484, 'Prowler Push', 'Cardio', NULL, '2024-12-04 21:10:59', NULL, NULL),
	(485, 'CAMPS Hip CAR', 'CAMPS', NULL, '2024-12-04 21:10:59', NULL, NULL),
	(486, 'CAMPS Back Dorsiflex Walk', 'CAMPS', NULL, '2024-12-05 01:06:16', NULL, NULL),
	(487, 'Prowler Pull Hands on Handle', 'Cardio', NULL, '2024-12-05 07:32:13', NULL, NULL),
	(488, 'Prowler Pull w/ Waist Strap', 'Cardio', NULL, '2024-12-05 07:32:13', NULL, NULL),
	(489, 'Prowler Pull w/ Suspension', 'Cardio', NULL, '2024-12-05 07:32:13', NULL, NULL),
	(490, 'Prowler Pull Explosive', 'Cardio', NULL, '2024-12-05 07:32:13', NULL, NULL),
	(491, 'Plate Pull Explosive', 'Cardio', NULL, '2024-12-05 07:32:13', NULL, NULL),
	(492, 'Incline Push Up Isometric Hold', 'Push', NULL, '2024-12-05 07:32:13', NULL, NULL),
	(493, 'Open Step Side to Side (Rhythm)', 'cardio', '2024-12-08 23:07:30', '2024-12-08 23:07:30', NULL, NULL),
	(494, 'Side Step Side to Side (Rhythm)', 'cardio', '2024-12-08 23:07:48', '2024-12-08 23:07:48', NULL, NULL),
	(495, 'Skater Side to Side (Rhythm)', 'cardio', '2024-12-08 23:08:41', '2024-12-08 23:08:41', NULL, NULL),
	(496, 'Open Step 45° Side to Side (Rhythm)', 'cardio', '2024-12-08 23:08:47', '2024-12-08 23:08:47', NULL, NULL),
	(497, 'Cross Step 45° Side to Side (Rhythm)', 'cardio', '2024-12-08 23:08:53', '2024-12-08 23:08:53', NULL, NULL),
	(498, 'Open Step Side to Side (Power)', 'cardio power', '2024-12-08 23:09:01', '2024-12-08 23:09:01', NULL, NULL),
	(499, 'Side Step Side to Side (Power)', 'cardio power', '2024-12-08 23:09:32', '2024-12-08 23:09:32', NULL, NULL),
	(500, 'Skater Side to Side (Power)', 'power cardio', '2024-12-08 23:09:50', '2024-12-08 23:09:50', NULL, NULL),
	(501, 'CAMPS Short', 'CAMPS', '2024-12-10 04:51:36', '2024-12-10 04:52:04', 3, NULL),
	(502, 'Three Point Row', 'Pull', '2024-12-10 04:56:57', '2024-12-10 04:57:14', 3, 3),
	(503, 'Kettlebell Rack Reverse Lunge to Step Up w/ Knee Drive', 'Squat', '2024-12-10 04:57:54', '2024-12-10 04:58:05', 3, 3),
	(504, 'Kettlebell Rack Reverse Lunge to Step Up', 'Squat', NULL, '2024-12-10 05:01:38', NULL, NULL),
	(505, 'Reverse Lunge to Step Up w/ Knee Drive', 'squat', '2024-12-10 05:02:39', '2024-12-10 05:02:39', NULL, NULL),
	(506, 'Reverse Lunge to Step Up', 'squat', '2024-12-10 05:02:47', '2024-12-10 05:02:47', NULL, NULL);

-- Dumping structure for table andalan.password_resets
CREATE TABLE IF NOT EXISTS `password_resets` (
  `email` varchar(255) NOT NULL,
  `token` varchar(255) NOT NULL,
  `created_at` timestamp NULL DEFAULT NULL,
  KEY `password_resets_email_index` (`email`)
) ENGINE=InnoDB DEFAULT CHARSET=utf8mb4 COLLATE=utf8mb4_unicode_ci;

-- Dumping data for table andalan.password_resets: ~0 rows (approximately)

-- Dumping structure for table andalan.personal_access_tokens
CREATE TABLE IF NOT EXISTS `personal_access_tokens` (
  `id` bigint(20) unsigned NOT NULL AUTO_INCREMENT,
  `tokenable_type` varchar(255) NOT NULL,
  `tokenable_id` bigint(20) unsigned NOT NULL,
  `name` varchar(255) NOT NULL,
  `token` varchar(64) NOT NULL,
  `abilities` text DEFAULT NULL,
  `last_used_at` timestamp NULL DEFAULT NULL,
  `created_at` timestamp NULL DEFAULT NULL,
  `updated_at` timestamp NULL DEFAULT NULL,
  PRIMARY KEY (`id`),
  UNIQUE KEY `personal_access_tokens_token_unique` (`token`),
  KEY `personal_access_tokens_tokenable_type_tokenable_id_index` (`tokenable_type`,`tokenable_id`)
) ENGINE=InnoDB DEFAULT CHARSET=utf8mb4 COLLATE=utf8mb4_unicode_ci;

-- Dumping data for table andalan.personal_access_tokens: ~0 rows (approximately)

-- Dumping structure for table andalan.program_history
CREATE TABLE IF NOT EXISTS `program_history` (
  `id` bigint(20) NOT NULL AUTO_INCREMENT,
  `client_id` int(11) NOT NULL DEFAULT 0,
  `program` varchar(255) DEFAULT NULL,
  `updated_by` varchar(200) DEFAULT NULL,
  `updated_at` timestamp NULL DEFAULT NULL,
  PRIMARY KEY (`id`) USING BTREE
) ENGINE=InnoDB AUTO_INCREMENT=2 DEFAULT CHARSET=utf8mb4 COLLATE=utf8mb4_general_ci;

-- Dumping data for table andalan.program_history: ~0 rows (approximately)

-- Dumping structure for table andalan.subs
CREATE TABLE IF NOT EXISTS `subs` (
  `id` int(11) NOT NULL AUTO_INCREMENT,
  `training_id` int(11) NOT NULL,
  `client_id` int(11) NOT NULL,
  `tab_id` int(11) NOT NULL,
  `movement_id` int(11) NOT NULL,
  `movement_name` varchar(255) NOT NULL DEFAULT '',
  `status` varchar(10) DEFAULT NULL,
  `sets` varchar(50) DEFAULT NULL,
  `t` varchar(50) DEFAULT NULL,
  `wt` varchar(50) DEFAULT NULL,
  `rest` varchar(50) DEFAULT NULL,
  `reps` varchar(50) DEFAULT NULL,
  `block` varchar(10) DEFAULT NULL,
  `reps1` varchar(255) DEFAULT NULL,
  `reps2` varchar(255) DEFAULT NULL,
  `reps3` varchar(255) DEFAULT NULL,
  `reps4` varchar(255) DEFAULT NULL,
  `reps5` varchar(255) DEFAULT NULL,
  `reps6` varchar(255) DEFAULT NULL,
  `updated_at` timestamp NULL DEFAULT NULL,
  `created_at` timestamp NULL DEFAULT current_timestamp(),
  `created_by` int(11) DEFAULT NULL,
  `updated_by` int(11) DEFAULT NULL,
  `head_training_id` int(11) DEFAULT NULL,
  PRIMARY KEY (`id`) USING BTREE
) ENGINE=InnoDB AUTO_INCREMENT=45 DEFAULT CHARSET=utf8mb4 COLLATE=utf8mb4_general_ci;

-- Dumping data for table andalan.subs: ~23 rows (approximately)
INSERT INTO `subs` (`id`, `training_id`, `client_id`, `tab_id`, `movement_id`, `movement_name`, `status`, `sets`, `t`, `wt`, `rest`, `reps`, `block`, `reps1`, `reps2`, `reps3`, `reps4`, `reps5`, `reps6`, `updated_at`, `created_at`, `created_by`, `updated_by`, `head_training_id`) VALUES
	(17, 115, 44, 28, 232, 'Suspension Row', 'Fail', '3', '211', '1.2b', '-', NULL, NULL, NULL, NULL, NULL, NULL, NULL, NULL, '2024-12-02 06:57:09', '2024-12-02 06:57:09', 2, NULL, 37),
	(18, 116, 44, 28, 56, 'Single Leg Turn', 'Fail', '3', 'B', '1.2b', '60"', NULL, NULL, NULL, NULL, NULL, NULL, NULL, NULL, '2024-12-02 06:57:36', '2024-12-02 06:57:36', 2, NULL, 37),
	(19, 118, 43, 24, 55, 'Single Leg Deadlift', 'Fail', '2', '211', '*', '60"', NULL, NULL, 'Ast', '12lb', NULL, NULL, NULL, NULL, '2024-12-02 20:39:28', '2024-12-02 20:39:28', 3, NULL, 32),
	(20, 136, 45, 32, 56, 'Single Leg Turn', 'Fail', '3', 'B', '-', '60"', NULL, NULL, NULL, NULL, NULL, NULL, NULL, NULL, '2024-12-02 21:35:37', '2024-12-02 21:35:37', 3, NULL, 41),
	(21, 140, 45, 33, 343, 'Front Foot Elevated Split Squat Isometric Hold', 'Fail', '3', '-', '-', '60"', NULL, NULL, NULL, NULL, NULL, NULL, NULL, NULL, '2024-12-02 21:41:02', '2024-12-02 21:41:02', 3, NULL, 42),
	(22, 158, 45, 35, 55, 'Single Leg Deadlift', 'Fail', '2', '211', '*', '60"', NULL, NULL, 'Ast.', '8', NULL, NULL, NULL, NULL, '2024-12-02 22:07:57', '2024-12-02 22:07:57', 3, NULL, 44),
	(23, 182, 43, 38, 139, 'Lateral Jump', 'Fail', '2', '-', '-', '-', NULL, NULL, NULL, NULL, NULL, NULL, NULL, NULL, '2024-12-04 22:25:14', '2024-12-04 22:25:14', 3, NULL, 47),
	(24, 183, 43, 38, 143, 'Line Lateral Hop', 'Fail', '2', '-', '-', '-', NULL, NULL, NULL, NULL, NULL, NULL, NULL, NULL, '2024-12-04 22:27:00', '2024-12-04 22:27:00', 3, NULL, 47),
	(25, 201, 45, 37, 229, 'Neutral Grip Pull Up Isometric Hold', 'Fail', '3', '-', '-', '-', NULL, NULL, NULL, NULL, NULL, NULL, NULL, NULL, '2024-12-05 01:16:28', '2024-12-05 01:16:28', 3, NULL, 46),
	(26, 203, 45, 40, 149, 'Open Step Side to Side', 'Fail', '2', '-', '2 r', '-', NULL, NULL, NULL, NULL, NULL, NULL, NULL, NULL, '2024-12-05 01:20:40', '2024-12-05 01:20:40', 3, NULL, 49),
	(27, 204, 45, 40, 80, 'Ball 90° Punch', 'Fail', '1', '-', '2', '60"', NULL, NULL, NULL, NULL, NULL, NULL, NULL, NULL, '2024-12-05 01:23:04', '2024-12-05 01:23:04', 3, NULL, 49),
	(28, 205, 45, 40, 85, 'Ball Scoop Pass', 'Fail', '1', '-', '2', '60"', NULL, NULL, NULL, NULL, NULL, NULL, NULL, NULL, '2024-12-05 01:23:54', '2024-12-05 01:23:54', 3, NULL, 49),
	(29, 227, 45, 42, 86, 'Ball Side Step Side to Side Scoop Pass', 'Fail', '2', '-', '2', '60"', NULL, NULL, NULL, NULL, NULL, NULL, NULL, NULL, '2024-12-05 01:39:56', '2024-12-05 01:39:56', 3, NULL, 52),
	(30, 200, 45, 37, 343, 'Front Foot Elevated Split Squat Isometric Hold', 'Struggling', '3', '-', '*', '60"', NULL, NULL, '-', NULL, NULL, NULL, NULL, NULL, '2024-12-25 04:32:36', '2024-12-25 04:32:36', 3, NULL, 46),
	(31, 199, 45, 37, 280, 'Incline Push Up', 'Struggling', '3', '331', '*', '-', NULL, NULL, 'no. 6', 'no. 4', NULL, NULL, NULL, NULL, '2024-12-25 04:33:08', '2024-12-25 04:33:08', 3, NULL, 46),
	(32, 198, 45, 37, 442, 'CAMPS Lateral Lunge', 'Fail', NULL, NULL, NULL, NULL, NULL, NULL, NULL, NULL, NULL, NULL, NULL, NULL, '2024-12-25 04:35:11', '2024-12-25 04:35:11', 3, NULL, 46),
	(33, 137, 45, 33, 93, 'Ball Slam', 'Struggling', '2', '-', '2', '-', NULL, NULL, NULL, NULL, NULL, NULL, NULL, NULL, '2024-12-25 04:36:45', '2024-12-25 04:36:45', 3, NULL, 42),
	(34, 179, 45, 34, 440, 'CAMPS Hip Rotate', 'Struggling', NULL, NULL, NULL, NULL, NULL, NULL, NULL, NULL, NULL, NULL, NULL, NULL, '2024-12-25 04:40:59', '2024-12-25 04:40:59', 3, NULL, 43),
	(35, 148, 45, 34, 343, 'Front Foot Elevated Split Squat Isometric Hold', 'Struggling', '3', '-', '-', '60"', NULL, NULL, NULL, NULL, NULL, NULL, NULL, NULL, '2024-12-25 04:41:16', '2024-12-25 04:41:16', 3, NULL, 43),
	(36, 149, 45, 34, 234, 'Suspension Row Isometric Hold', 'Fail', '3', '-', '1 b.', '-', NULL, NULL, NULL, NULL, NULL, NULL, NULL, NULL, '2024-12-25 04:41:26', '2024-12-25 04:41:26', 3, NULL, 43),
	(37, 212, 45, 41, 280, 'Incline Push Up', 'Struggling', '3', '401', '*', '-', NULL, NULL, 'no. 6', 'no.4', NULL, NULL, NULL, NULL, '2024-12-25 04:43:33', '2024-12-25 04:43:33', 3, NULL, 50),
	(38, 222, 45, 42, 261, 'Dumbbell Floor Alternating Press', 'Struggling', '3', '201', '*', '-', '3|4E', '2A', '10E', '12E', NULL, NULL, NULL, NULL, '2024-12-25 04:50:00', '2024-12-25 04:50:00', 3, NULL, 51),
	(39, 223, 45, 42, 335, 'Dumbbell Goblet Squat', 'Fail', '3', '401', '*', '60"', '8', '2B', '20', '35', NULL, NULL, NULL, NULL, '2024-12-25 04:50:23', '2024-12-25 04:50:23', 3, NULL, 51),
	(40, 269, 45, 47, 376, 'Single Leg Squat to Box', 'Struggling', '3', '401', '*', '-', '6E', '2A', '3,2,1 p', '1 p', NULL, NULL, NULL, NULL, '2024-12-25 04:52:40', '2024-12-25 04:52:40', 3, NULL, 57),
	(41, 236, 45, 43, 335, 'Dumbbell Goblet Squat', 'Fail', '3', '401', '*', '60"', '8', '2B', '20', '35', NULL, NULL, NULL, NULL, '2024-12-25 04:55:32', '2024-12-25 04:55:32', 3, NULL, 53),
	(42, 235, 45, 43, 268, 'Dumbbell Floor Single Arm Press', 'Struggling', '3', '*', '-', '12E|10', '*201', '2A', '12E|12', NULL, NULL, NULL, NULL, NULL, '2024-12-25 04:55:41', '2024-12-25 04:55:41', 3, NULL, 53),
	(43, 582, 45, 51, 232, 'Suspension Row', 'Struggling', 'X', 'Z', NULL, NULL, 'Y', '5A', NULL, NULL, NULL, NULL, NULL, NULL, '2025-01-07 11:21:51', '2025-01-07 11:21:51', 3, NULL, 65),
	(44, 318, 45, 51, 8, 'Hooklying Low Reach', 'Fail', '3', '-', '-', '60"', '60"', '4C', '', '', '', '', '', '', '2025-01-07 11:22:15', '2025-01-07 11:22:15', 3, NULL, 65);

-- Dumping structure for table andalan.tabs
CREATE TABLE IF NOT EXISTS `tabs` (
  `id` int(11) NOT NULL AUTO_INCREMENT,
  `tab_name` varchar(255) DEFAULT NULL,
  `client_id` int(11) DEFAULT NULL,
  `tab_date` timestamp NULL DEFAULT NULL,
  `tab_notes` varchar(300) DEFAULT NULL,
  `updated_at` timestamp NULL DEFAULT NULL,
  `created_at` timestamp NULL DEFAULT current_timestamp(),
  `created_by` int(11) DEFAULT NULL,
  `updated_by` int(11) DEFAULT NULL,
  PRIMARY KEY (`id`) USING BTREE
) ENGINE=InnoDB AUTO_INCREMENT=84 DEFAULT CHARSET=utf8mb4 COLLATE=utf8mb4_general_ci;

-- Dumping data for table andalan.tabs: ~64 rows (approximately)
INSERT INTO `tabs` (`id`, `tab_name`, `client_id`, `tab_date`, `tab_notes`, `updated_at`, `created_at`, `created_by`, `updated_by`) VALUES
	(19, '1', 41, NULL, NULL, '2024-12-02 05:22:30', '2024-12-02 05:22:30', 2, NULL),
	(20, '1', 42, NULL, NULL, '2024-12-02 05:44:41', '2024-12-02 05:44:41', 2, NULL),
	(21, '1', 43, NULL, NULL, '2024-12-02 05:50:04', '2024-12-02 05:50:04', 2, NULL),
	(22, '2', 43, NULL, NULL, '2024-12-02 06:03:34', '2024-12-02 06:03:34', 2, NULL),
	(23, '3', 43, NULL, NULL, '2024-12-02 06:09:13', '2024-12-02 06:09:13', 2, NULL),
	(24, '4', 43, NULL, NULL, '2024-12-02 06:19:09', '2024-12-02 06:19:09', 2, NULL),
	(25, '5', 43, NULL, NULL, '2024-12-02 06:25:51', '2024-12-02 06:25:51', 2, NULL),
	(26, '1', 44, NULL, NULL, '2024-12-02 06:31:32', '2024-12-02 06:31:32', 2, NULL),
	(27, '2', 44, NULL, NULL, '2024-12-02 06:45:07', '2024-12-02 06:45:07', 2, NULL),
	(28, '3', 44, NULL, NULL, '2024-12-02 06:53:43', '2024-12-02 06:53:43', 2, NULL),
	(29, '4', 44, NULL, NULL, '2024-12-02 20:43:55', '2024-12-02 20:43:55', 3, NULL),
	(30, '5', 44, NULL, NULL, '2024-12-02 20:48:12', '2024-12-02 20:48:12', 3, NULL),
	(31, '6', 44, NULL, NULL, '2024-12-02 20:53:45', '2024-12-02 20:53:45', 3, NULL),
	(32, '1', 45, NULL, NULL, '2024-12-02 21:15:31', '2024-12-02 21:15:31', 3, NULL),
	(33, '2', 45, NULL, NULL, '2024-12-02 21:36:55', '2024-12-02 21:36:55', 3, NULL),
	(34, '3', 45, NULL, NULL, '2024-12-02 21:44:47', '2024-12-02 21:44:47', 3, NULL),
	(35, '4', 45, NULL, NULL, '2024-12-02 22:00:54', '2024-12-02 22:00:54', 3, NULL),
	(36, '2', 41, NULL, NULL, '2024-12-04 20:53:15', '2024-12-04 20:53:15', 3, NULL),
	(37, '5', 45, NULL, NULL, '2024-12-04 21:31:45', '2024-12-04 21:31:45', 3, NULL),
	(38, '6', 43, NULL, NULL, '2024-12-04 22:23:10', '2024-12-04 22:23:10', 3, NULL),
	(39, '7', 44, NULL, NULL, '2024-12-05 01:09:27', '2024-12-05 01:09:27', 3, NULL),
	(40, '6', 45, NULL, NULL, '2024-12-05 01:16:43', '2024-12-05 01:16:43', 3, NULL),
	(41, '7', 45, NULL, NULL, '2024-12-05 01:26:53', '2024-12-05 01:26:53', 3, NULL),
	(42, '8', 45, NULL, NULL, '2024-12-05 01:31:38', '2024-12-05 01:31:38', 3, NULL),
	(43, '9', 45, NULL, NULL, '2024-12-05 01:43:14', '2024-12-05 01:43:14', 3, NULL),
	(44, '10', 45, NULL, NULL, '2024-12-05 01:49:07', '2024-12-05 01:49:07', 3, NULL),
	(45, '11', 45, NULL, NULL, '2024-12-05 01:54:02', '2024-12-05 01:54:02', 3, NULL),
	(46, '12', 45, NULL, NULL, '2024-12-05 01:59:09', '2024-12-05 01:59:09', 3, NULL),
	(47, '13', 45, NULL, NULL, '2024-12-05 02:09:24', '2024-12-05 02:09:24', 3, NULL),
	(48, '14', 45, NULL, NULL, '2024-12-05 02:14:53', '2024-12-05 02:14:53', 3, NULL),
	(49, '15', 45, NULL, NULL, '2024-12-05 02:21:19', '2024-12-05 02:21:19', 3, NULL),
	(50, '16', 45, NULL, NULL, '2024-12-06 08:02:08', '2024-12-06 08:02:08', 3, NULL),
	(51, '17', 45, NULL, NULL, '2024-12-06 08:14:18', '2024-12-06 08:14:18', 3, NULL),
	(52, '18', 45, NULL, NULL, '2024-12-06 08:16:24', '2024-12-06 08:16:24', 3, NULL),
	(53, '3', 41, NULL, NULL, '2024-12-08 21:16:58', '2024-12-08 21:16:58', 2, NULL),
	(54, '19', 45, NULL, NULL, '2024-12-09 04:38:07', '2024-12-09 04:38:07', 3, NULL),
	(55, '20', 45, NULL, NULL, '2024-12-09 04:38:44', '2024-12-09 04:38:44', 3, NULL),
	(56, '21', 45, NULL, NULL, '2024-12-09 04:39:20', '2024-12-09 04:39:20', 3, NULL),
	(57, '22', 45, NULL, NULL, '2024-12-09 04:42:09', '2024-12-09 04:42:09', 3, NULL),
	(58, '23', 45, NULL, NULL, '2024-12-09 04:42:37', '2024-12-09 04:42:37', 3, NULL),
	(59, '24', 45, NULL, NULL, '2024-12-09 04:43:02', '2024-12-09 04:43:02', 3, NULL),
	(60, '25', 45, NULL, NULL, '2024-12-09 04:43:34', '2024-12-09 04:43:34', 3, NULL),
	(61, '26', 45, NULL, NULL, '2024-12-09 05:38:17', '2024-12-09 05:38:17', 3, NULL),
	(62, '27', 45, NULL, NULL, '2024-12-09 05:42:26', '2024-12-09 05:42:26', 3, NULL),
	(63, '28', 45, NULL, NULL, '2024-12-09 05:47:13', '2024-12-09 05:47:13', 3, NULL),
	(64, '1', 48, NULL, NULL, NULL, '2024-12-10 05:44:08', 3, NULL),
	(65, '2', 48, NULL, NULL, NULL, '2024-12-10 05:44:08', 3, NULL),
	(66, '3', 48, NULL, NULL, NULL, '2024-12-10 05:44:08', 3, NULL),
	(67, '4', 48, NULL, NULL, NULL, '2024-12-10 05:44:08', 3, NULL),
	(68, '5', 48, NULL, NULL, NULL, '2024-12-10 05:44:08', 3, NULL),
	(69, '6', 48, NULL, NULL, NULL, '2024-12-10 05:44:08', 3, NULL),
	(70, '7', 48, NULL, NULL, NULL, '2024-12-10 05:44:08', 3, NULL),
	(71, '8', 48, NULL, NULL, NULL, '2024-12-10 05:44:08', 3, NULL),
	(72, '9', 48, NULL, NULL, NULL, '2024-12-10 05:44:08', 3, NULL),
	(73, '10', 48, NULL, NULL, NULL, '2024-12-10 05:44:08', 3, NULL),
	(74, '11', 48, NULL, NULL, NULL, '2024-12-10 05:44:08', 3, NULL),
	(75, '12', 48, NULL, NULL, NULL, '2024-12-10 05:44:08', 3, NULL),
	(76, '13', 48, NULL, NULL, NULL, '2024-12-10 05:44:08', 3, NULL),
	(77, '14', 48, NULL, NULL, NULL, '2024-12-10 05:44:08', 3, NULL),
	(78, '15', 48, NULL, NULL, NULL, '2024-12-10 05:44:08', 3, NULL),
	(79, '16', 48, NULL, NULL, NULL, '2024-12-10 05:44:08', 3, NULL),
	(80, '1', 50, NULL, NULL, '2024-12-11 19:10:07', '2024-12-11 19:10:07', 3, NULL),
	(81, '2', 50, NULL, NULL, '2024-12-11 19:10:44', '2024-12-11 19:10:44', 3, NULL),
	(82, '8', 44, NULL, NULL, '2024-12-11 20:00:13', '2024-12-11 20:00:13', 6, NULL),
	(83, '1', 133, NULL, NULL, '2024-12-14 09:24:45', '2024-12-14 09:24:45', 3, NULL);

-- Dumping structure for table andalan.trainings
CREATE TABLE IF NOT EXISTS `trainings` (
  `id` int(11) NOT NULL AUTO_INCREMENT,
  `date` timestamp NULL DEFAULT NULL,
  `client_id` int(11) NOT NULL,
  `tab_id` int(11) NOT NULL,
  `categories` varchar(225) DEFAULT '',
  `movement_id` int(11) NOT NULL,
  `movement_name` varchar(255) NOT NULL DEFAULT '',
  `status` varchar(10) DEFAULT '',
  `sets` varchar(50) DEFAULT NULL,
  `t` varchar(50) DEFAULT NULL,
  `wt` varchar(50) DEFAULT NULL,
  `rest` varchar(50) DEFAULT NULL,
  `subs` varchar(1) DEFAULT NULL,
  `reps` varchar(50) DEFAULT NULL,
  `block` varchar(10) DEFAULT NULL,
  `reps1` varchar(255) DEFAULT NULL,
  `reps2` varchar(255) DEFAULT NULL,
  `reps3` varchar(255) DEFAULT NULL,
  `reps4` varchar(255) DEFAULT NULL,
  `reps5` varchar(255) DEFAULT NULL,
  `reps6` varchar(255) DEFAULT NULL,
  `updated_at` timestamp NULL DEFAULT NULL,
  `created_at` timestamp NULL DEFAULT current_timestamp(),
  `created_by` int(11) DEFAULT NULL,
  `updated_by` int(11) DEFAULT NULL,
  `head_training_id` int(11) DEFAULT NULL,
  PRIMARY KEY (`id`) USING BTREE
) ENGINE=InnoDB AUTO_INCREMENT=584 DEFAULT CHARSET=utf8mb4 COLLATE=utf8mb4_general_ci;

-- Dumping data for table andalan.trainings: ~506 rows (approximately)
INSERT INTO `trainings` (`id`, `date`, `client_id`, `tab_id`, `categories`, `movement_id`, `movement_name`, `status`, `sets`, `t`, `wt`, `rest`, `subs`, `reps`, `block`, `reps1`, `reps2`, `reps3`, `reps4`, `reps5`, `reps6`, `updated_at`, `created_at`, `created_by`, `updated_by`, `head_training_id`) VALUES
	(61, '2024-11-29 10:00:00', 41, 19, '', 422, 'Supine Plank', NULL, '1', '-', '-', '-', NULL, '*', '1A1', NULL, NULL, NULL, NULL, NULL, NULL, '2024-12-04 20:51:41', '2024-12-02 05:37:10', 2, 3, 27),
	(62, '2024-11-29 10:00:00', 41, 19, '', 307, 'Plank', NULL, '1', 'B', '-', '-', NULL, '45"', '1A2', NULL, NULL, NULL, NULL, NULL, NULL, '2024-12-04 20:52:03', '2024-12-02 05:37:54', 2, 3, 27),
	(63, '2024-11-29 10:00:00', 41, 19, '', 308, 'Push Up', NULL, '3', '331', '*', '-', NULL, '2|4', '2B', 'no.8', 'no.6', 'no.4', NULL, NULL, NULL, '2024-12-04 20:52:51', '2024-12-02 05:39:00', 2, 3, 27),
	(64, '2024-11-29 10:00:00', 41, 19, '', 335, 'Dumbbell Goblet Squat', NULL, '3', '331', '*', '60"', NULL, '2|4', '1B', '12', '15', '17', '20', '22', '25', '2024-12-02 05:40:13', '2024-12-02 05:40:13', 2, NULL, 27),
	(65, '2024-11-29 10:00:00', 41, 19, '', 234, 'Suspension Row Isometric Hold', NULL, '3', '-', '1.2 b', '60"', NULL, '45"', '2A', NULL, NULL, NULL, NULL, NULL, NULL, '2024-12-04 20:52:36', '2024-12-02 05:42:33', 2, 3, 27),
	(66, '2024-12-06 10:00:00', 42, 20, '', 422, 'Supine Plank', NULL, '1', '-', '-', '-', NULL, '*', 'iA', NULL, NULL, NULL, NULL, NULL, NULL, '2024-12-02 05:45:35', '2024-12-02 05:45:35', 2, NULL, 28),
	(67, '2024-12-06 10:00:00', 42, 20, '', 307, 'Plank', NULL, '1', 'B', '-', '-', NULL, '45"', 'iB', NULL, NULL, NULL, NULL, NULL, NULL, '2024-12-02 05:46:04', '2024-12-02 05:46:04', 2, NULL, 28),
	(68, '2024-12-06 10:00:00', 42, 20, '', 308, 'Push Up', NULL, '3', '331', '*', '-', NULL, '2|4', '1A', 'no.8', 'no.6', 'no.4', NULL, NULL, NULL, '2024-12-02 05:46:46', '2024-12-02 05:46:46', 2, NULL, 28),
	(69, '2024-12-06 10:00:00', 42, 20, '', 335, 'Dumbbell Goblet Squat', NULL, '3', '331', '*', '60"', NULL, '2|4', '1B', '7', '10', '12', NULL, NULL, NULL, '2024-12-02 05:47:21', '2024-12-02 05:47:21', 2, NULL, 28),
	(70, '2024-12-06 10:00:00', 42, 20, '', 234, 'Suspension Row Isometric Hold', NULL, '3', '-', '1.2 b', '60"', NULL, '45"', 'C', NULL, NULL, NULL, NULL, NULL, NULL, '2024-12-02 05:47:48', '2024-12-02 05:47:48', 2, NULL, 28),
	(71, '2024-10-29 10:00:00', 43, 21, '', 422, 'Supine Plank', NULL, '1', 'B', '-', '-', NULL, '3', 'iB', NULL, NULL, NULL, NULL, NULL, NULL, '2024-12-02 06:00:51', '2024-12-02 06:00:51', 2, NULL, 29),
	(72, '2024-10-29 10:00:00', 43, 21, '', 335, 'Dumbbell Goblet Squat', NULL, '3', '331', '*', '60"', NULL, '2|4', '1B', '7', '12', '15', NULL, NULL, NULL, '2024-12-02 06:02:38', '2024-12-02 06:02:38', 2, NULL, 29),
	(73, '2024-10-29 10:00:00', 43, 21, '', 234, 'Suspension Row Isometric Hold', NULL, '3', '-', '1 b.', '60"', NULL, '45"', '2C', NULL, NULL, NULL, NULL, NULL, NULL, '2024-12-02 06:03:06', '2024-12-02 06:03:06', 2, NULL, 29),
	(74, '2024-11-05 10:00:00', 43, 22, '', 307, 'Plank', NULL, '1', '-', '-', '-', NULL, '45"', 'i', NULL, NULL, NULL, NULL, NULL, NULL, '2024-12-02 06:04:48', '2024-12-02 06:04:48', 2, NULL, 30),
	(75, '2024-11-05 10:00:00', 43, 22, '', 343, 'Front Foot Elevated Split Squat Isometric Hold', NULL, '3', '-', '-', '-', NULL, '35"E', '1A', NULL, NULL, NULL, NULL, NULL, NULL, '2024-12-02 06:07:06', '2024-12-02 06:07:06', 2, NULL, 30),
	(76, '2024-11-05 10:00:00', 43, 22, '', 280, 'Incline Push Up', NULL, '2', '331', '*', '60"', NULL, '2|4', '1B', 'no.10', 'no.8', NULL, NULL, NULL, NULL, '2024-12-02 06:07:52', '2024-12-02 06:07:52', 2, NULL, 30),
	(77, '2024-11-05 10:00:00', 43, 22, '', 234, 'Suspension Row Isometric Hold', NULL, '3', '-', '1.2b', '-', NULL, '50"', '2A', NULL, NULL, NULL, NULL, NULL, NULL, '2024-12-02 06:08:16', '2024-12-02 06:08:16', 2, NULL, 30),
	(78, '2024-11-05 10:00:00', 43, 22, '', 56, 'Single Leg Turn', NULL, '3', 'B', '-', '60"', NULL, '2|2E', '2B', NULL, NULL, NULL, NULL, NULL, NULL, '2024-12-02 06:08:45', '2024-12-02 06:08:45', 2, NULL, 30),
	(79, '2024-11-11 10:00:00', 43, 23, '', 82, 'Ball Chest Pass Rhythm', NULL, '2', '-', '2', '-', NULL, '20', '1A', NULL, NULL, NULL, NULL, NULL, NULL, '2024-12-02 06:12:11', '2024-12-02 06:12:11', 2, NULL, 31),
	(80, '2024-11-11 10:00:00', 43, 23, '', 280, 'Incline Push Up', NULL, '1', '331', 'no. 8', '-', NULL, '2|4', 'ii', NULL, NULL, NULL, NULL, NULL, NULL, '2024-12-02 06:14:17', '2024-12-02 06:14:17', 2, NULL, 31),
	(81, '2024-11-11 10:00:00', 43, 23, '', 335, 'Dumbbell Goblet Squat', NULL, '3', '401', '*', '-', NULL, '2|4', '2A', '10', '15', '17', NULL, NULL, NULL, '2024-12-02 06:14:57', '2024-12-02 06:14:57', 2, NULL, 31),
	(82, '2024-11-11 10:00:00', 43, 23, '', 268, 'Dumbbell Floor Single Arm Press', NULL, '2', '201', '*', '60"', NULL, '*', '2B', '9lb.', '12lb.', '6lb.', NULL, NULL, NULL, '2024-12-02 06:16:04', '2024-12-02 06:16:04', 2, NULL, 31),
	(83, '2024-11-11 10:00:00', 43, 23, '', 234, 'Suspension Row Isometric Hold', NULL, '1', '-', '1.2b', '-', NULL, '55"', 'iii', NULL, NULL, NULL, NULL, NULL, NULL, '2024-12-02 06:16:47', '2024-12-02 06:16:47', 2, NULL, 31),
	(84, '2024-11-11 10:00:00', 43, 23, '', 232, 'Suspension Row', NULL, '2', '211', '1.2b', '-', NULL, '2|4', '3A', NULL, NULL, NULL, NULL, NULL, NULL, '2024-12-02 06:17:09', '2024-12-02 06:17:09', 2, NULL, 31),
	(85, '2024-11-11 10:00:00', 43, 23, '', 8, 'Hooklying Low Reach', NULL, '3', '-', '-', '60"', NULL, '60"', '3B', NULL, NULL, NULL, NULL, NULL, NULL, '2024-12-02 06:17:36', '2024-12-02 06:17:36', 2, NULL, 31),
	(86, '2024-11-19 10:00:00', 43, 24, '', 343, 'Front Foot Elevated Split Squat Isometric Hold', NULL, '3', '-', '*', '-', NULL, '35"E', '2A', '-', '7', '10', NULL, NULL, NULL, '2024-12-02 06:21:10', '2024-12-02 06:21:10', 2, NULL, 32),
	(87, '2024-11-19 10:00:00', 43, 24, '', 280, 'Incline Push Up', NULL, '3', '401', '*', '60"', NULL, '2|4', '2B', 'no.8', 'no.6', 'no.4', NULL, NULL, NULL, '2024-12-02 06:21:53', '2024-12-02 06:21:53', 2, NULL, 32),
	(88, '2024-11-24 10:00:00', 43, 25, '', 93, 'Ball Slam', NULL, '2', '-', '2', '-', NULL, '4', '1A', NULL, NULL, NULL, NULL, NULL, NULL, '2024-12-02 06:26:34', '2024-12-02 06:26:34', 2, NULL, 33),
	(89, '2024-11-24 10:00:00', 43, 25, '', 119, 'Box Jump', NULL, '2', '-', '18"', '60"', NULL, '4', '1B', NULL, NULL, NULL, NULL, NULL, NULL, '2024-12-02 06:26:53', '2024-12-02 06:26:53', 2, NULL, 33),
	(90, '2024-11-24 10:00:00', 43, 25, '', 335, 'Dumbbell Goblet Squat', NULL, '3', '401', '*', '-', NULL, '2|4', '2A', '10', '17', '20', NULL, NULL, NULL, '2024-12-02 06:27:25', '2024-12-02 06:27:25', 2, NULL, 33),
	(91, '2024-11-24 10:00:00', 43, 25, '', 268, 'Dumbbell Floor Single Arm Press', NULL, '2', '201', '*', '60"', NULL, '*', '2B', '6lb', '9lb', '12lb', NULL, NULL, NULL, '2024-12-02 06:29:44', '2024-12-02 06:28:09', 2, 2, 33),
	(92, '2024-11-24 10:00:00', 43, 25, '', 232, 'Suspension Row', NULL, '2', '211', '1.2 b', '-', NULL, '2|6', '3A', NULL, NULL, NULL, NULL, NULL, NULL, '2024-12-02 06:28:42', '2024-12-02 06:28:42', 2, NULL, 33),
	(93, '2024-11-24 10:00:00', 43, 25, '', 8, 'Hooklying Low Reach', NULL, '3', '-', '-', '60"', NULL, '60"', '3B', '-', 'SA', NULL, NULL, NULL, NULL, '2024-12-02 06:29:09', '2024-12-02 06:29:09', 2, NULL, 33),
	(94, '2024-09-29 10:00:00', 44, 26, '', 307, 'Plank', NULL, '3', 'B', '-', '-', NULL, '45"', '1A', NULL, NULL, NULL, NULL, NULL, NULL, '2024-12-02 06:32:07', '2024-12-02 06:32:07', 2, NULL, 34),
	(95, '2024-09-29 10:00:00', 44, 26, '', 343, 'Front Foot Elevated Split Squat Isometric Hold', NULL, '3', '-', '-', '60"', NULL, '35"', '1B', NULL, NULL, NULL, NULL, NULL, NULL, '2024-12-02 06:32:35', '2024-12-02 06:32:35', 2, NULL, 34),
	(96, '2024-09-29 10:00:00', 44, 26, '', 335, 'Dumbbell Goblet Squat', NULL, '3', '331', '*', '-', NULL, '2|4', '2A', '12', '15', '17', '20', '22', '25', '2024-12-02 06:33:03', '2024-12-02 06:33:03', 2, NULL, 34),
	(97, '2024-09-29 10:00:00', 44, 26, '', 56, 'Single Leg Turn', NULL, '3', 'B', '-', '60"', NULL, '4|2E', '2B', NULL, NULL, NULL, NULL, NULL, NULL, '2024-12-02 06:33:34', '2024-12-02 06:33:34', 2, NULL, 34),
	(98, '2024-09-29 10:00:00', 44, 26, '', 234, 'Suspension Row Isometric Hold', NULL, '3', '-', '1.2b', '-', NULL, '45"', '3A', NULL, NULL, NULL, NULL, NULL, NULL, '2024-12-02 06:34:06', '2024-12-02 06:34:06', 2, NULL, 34),
	(99, '2024-09-29 10:00:00', 44, 26, '', 8, 'Hooklying Low Reach', NULL, '3', '-', '-', '60"', NULL, '60"', '3B', NULL, NULL, NULL, NULL, NULL, NULL, '2024-12-02 06:34:27', '2024-12-02 06:34:27', 2, NULL, 34),
	(100, '2024-10-02 10:00:00', 44, 26, '', 307, 'Plank', NULL, '1', 'B', '-', '-', NULL, '45"', 'iA', NULL, NULL, NULL, NULL, NULL, NULL, '2024-12-02 06:35:38', '2024-12-02 06:35:38', 2, NULL, 35),
	(101, '2024-10-02 10:00:00', 44, 26, '', 343, 'Front Foot Elevated Split Squat Isometric Hold', NULL, '1', '-', '-', '60"', NULL, '35"E', 'iB', 'no.6', 'no.4', NULL, NULL, NULL, NULL, '2024-12-02 06:36:13', '2024-12-02 06:36:13', 2, NULL, 35),
	(102, '2024-10-02 10:00:00', 44, 26, '', 280, 'Incline Push Up', NULL, '2', '331', '*', '-', NULL, '5', '1A', 'no.6', 'no.4', NULL, NULL, NULL, NULL, '2024-12-02 06:36:48', '2024-12-02 06:36:48', 2, NULL, 35),
	(103, '2024-10-02 10:00:00', 44, 26, '', 342, 'Front Foot Elevated Split Squat', NULL, '2', '201', '*', '60"', NULL, '8E', '1B', '10', '12', NULL, NULL, NULL, NULL, '2024-12-02 06:37:26', '2024-12-02 06:37:26', 2, NULL, 35),
	(104, '2024-10-02 10:00:00', 44, 26, '', 234, 'Suspension Row Isometric Hold', NULL, '1', '-', '1.2b', '-', NULL, '45"', 'iiA', NULL, NULL, NULL, NULL, NULL, NULL, '2024-12-02 06:38:25', '2024-12-02 06:38:25', 2, NULL, 35),
	(105, '2024-10-02 10:00:00', 44, 26, '', 56, 'Single Leg Turn', NULL, '1', 'B', '-', '60"', NULL, '4|2E', 'iiB', NULL, NULL, NULL, NULL, NULL, NULL, '2024-12-02 06:39:24', '2024-12-02 06:39:24', 2, NULL, 35),
	(106, '2024-10-02 10:00:00', 44, 26, '', 232, 'Suspension Row', NULL, '2', '211', '1.2b', '-', NULL, '2|4', '2A', NULL, NULL, NULL, NULL, NULL, NULL, '2024-12-02 06:39:54', '2024-12-02 06:39:54', 2, NULL, 35),
	(107, '2024-10-02 10:00:00', 44, 26, '', 55, 'Single Leg Deadlift', NULL, '2', '211', '*', '60"', NULL, '8E', '2B', 'Ast.', '8', NULL, NULL, NULL, NULL, '2024-12-02 06:40:43', '2024-12-02 06:40:43', 2, NULL, 35),
	(108, '2024-10-09 10:00:00', 44, 27, '', 343, 'Front Foot Elevated Split Squat Isometric Hold', NULL, '3', '-', '*', '60"', NULL, '35"E', '1A', '-', '10', '12', NULL, NULL, NULL, '2024-12-02 06:48:47', '2024-12-02 06:48:47', 2, NULL, 36),
	(109, '2024-10-09 10:00:00', 44, 27, '', 280, 'Incline Push Up', NULL, '3', '401', '*', NULL, NULL, '2|4', '1B', 'no.8', 'no.6', 'no.4', NULL, NULL, NULL, '2024-12-02 06:49:28', '2024-12-02 06:49:28', 2, NULL, 36),
	(110, '2024-10-09 10:00:00', 44, 27, '', 335, 'Dumbbell Goblet Squat', NULL, '3', '401', '*', '-', NULL, '2|4', '2A', '15', '27', '30', NULL, NULL, NULL, '2024-12-02 06:50:19', '2024-12-02 06:50:19', 2, NULL, 36),
	(111, '2024-10-09 10:00:00', 44, 27, '', 234, 'Suspension Row Isometric Hold', NULL, '3', '-', '1.2b', '-', NULL, '45"', '2B', NULL, NULL, NULL, NULL, NULL, NULL, '2024-12-02 06:50:46', '2024-12-02 06:50:46', 2, NULL, 36),
	(112, '2024-10-09 10:00:00', 44, 27, '', 10, 'Hooklying Low Reach Spring Ankle', NULL, '3', '-', '*', '-', NULL, '*', '2C', '60"|B', '35"E|SL', NULL, NULL, NULL, NULL, '2024-12-02 06:51:31', '2024-12-02 06:51:31', 2, NULL, 36),
	(113, '2024-10-16 10:00:00', 44, 28, '', 342, 'Front Foot Elevated Split Squat', NULL, '3', '201', '*', '-', NULL, '8E', '1A', '12', '15', '17', NULL, NULL, NULL, '2024-12-02 06:54:37', '2024-12-02 06:54:37', 2, NULL, 37),
	(114, '2024-10-16 10:00:00', 44, 28, '', 268, 'Dumbbell Floor Single Arm Press', NULL, '3', '201', '*', '60"', NULL, '8E', '1B', '10', '12', NULL, NULL, NULL, NULL, '2024-12-02 06:55:35', '2024-12-02 06:55:35', 2, NULL, 37),
	(115, '2024-10-16 10:00:00', 44, 28, '', 234, 'Suspension Row Isometric Hold', '', '3', '-', '1.2b', '-', 'Y', '2|4', '2A', NULL, NULL, NULL, NULL, NULL, NULL, '2024-12-02 06:57:09', '2024-12-02 06:56:16', 2, 2, 37),
	(116, '2024-10-16 10:00:00', 44, 28, '', 8, 'Hooklying Low Reach', '', '3', '-', '-', '60"', 'Y', '4|2E', '2B', NULL, NULL, NULL, NULL, NULL, NULL, '2024-12-02 06:57:36', '2024-12-02 06:56:45', 2, 2, 37),
	(117, '2024-11-19 10:00:00', 43, 24, '', 191, 'Cable Seated Row', NULL, '3', '211', '*', '-', NULL, '*', '3A', '12|20', '8|25', NULL, NULL, NULL, NULL, '2024-12-02 20:38:12', '2024-12-02 20:38:12', 3, NULL, 32),
	(118, '2024-11-19 10:00:00', 43, 24, '', 56, 'Single Leg Turn', '', '1', 'B', '-', '60"', 'Y', '8E', '3B1', NULL, NULL, NULL, NULL, NULL, NULL, '2024-12-02 20:39:28', '2024-12-02 20:38:57', 3, 3, 32),
	(119, '2024-10-30 10:00:00', 44, 29, '', 335, 'Dumbbell Goblet Squat', NULL, '3', '401', '*', '-', NULL, '*', '1A', '12|15', '2,6|25', NULL, NULL, NULL, NULL, '2024-12-02 20:46:02', '2024-12-02 20:46:02', 3, NULL, 38),
	(120, '2024-10-30 10:00:00', 44, 29, '', 280, 'Incline Push Up', NULL, '3', '401', '*', NULL, NULL, '*', '1B', '2|4', 'no.6', NULL, '3|3', 'no.4', NULL, '2024-12-02 20:46:39', '2024-12-02 20:46:39', 3, NULL, 38),
	(121, '2024-10-30 10:00:00', 44, 29, '', 56, 'Single Leg Turn', NULL, '3', 'B', '-', '-', NULL, '4|2E', '2A', NULL, NULL, NULL, NULL, NULL, NULL, '2024-12-02 20:47:14', '2024-12-02 20:47:14', 3, NULL, 38),
	(122, '2024-10-30 10:00:00', 44, 29, '', 234, 'Suspension Row Isometric Hold', NULL, '3', '-', '1.2b', '60"', NULL, '45"', '2B', NULL, NULL, NULL, NULL, NULL, NULL, '2024-12-02 20:47:48', '2024-12-02 20:47:48', 3, NULL, 38),
	(123, '2024-11-05 10:00:00', 44, 30, '', 342, 'Front Foot Elevated Split Squat', NULL, '3', '201', '*', '-', NULL, '8E', '1A', '15', '20', '22', NULL, NULL, NULL, '2024-12-02 20:49:04', '2024-12-02 20:49:04', 3, NULL, 39),
	(124, '2024-11-05 10:00:00', 44, 30, '', 268, 'Dumbbell Floor Single Arm Press', NULL, '3', '201', '*', '60"', NULL, '8E', '1B', '12', '15', '10', NULL, NULL, NULL, '2024-12-02 20:49:45', '2024-12-02 20:49:45', 3, NULL, 39),
	(125, '2024-11-05 10:00:00', 44, 30, '', 232, 'Suspension Row', NULL, '3', '211', '1b', '-', NULL, '2|4', '2A', NULL, NULL, NULL, NULL, NULL, NULL, '2024-12-02 20:50:25', '2024-12-02 20:50:25', 3, NULL, 39),
	(126, '2024-11-05 10:00:00', 44, 30, '', 56, 'Single Leg Turn', NULL, '1', 'B', '-', '60"', NULL, '4|2E', '2B1', NULL, NULL, NULL, NULL, NULL, NULL, '2024-12-02 20:51:03', '2024-12-02 20:51:03', 3, NULL, 39),
	(127, '2024-11-05 10:00:00', 44, 30, '', 55, 'Single Leg Deadlift', NULL, '2', '211', '*', '60"', NULL, '8', '2B2', 'FR', '8', NULL, NULL, NULL, NULL, '2024-12-02 20:51:28', '2024-12-02 20:51:28', 3, NULL, 39),
	(128, '2024-11-20 10:00:00', 44, 31, '', 376, 'Single Leg Squat to Box', NULL, '3', '401', '*', '-', NULL, '6E', '1A', '2,1,-,p.', '-', NULL, NULL, NULL, NULL, '2024-12-02 20:54:55', '2024-12-02 20:54:55', 3, NULL, 40),
	(129, '2024-11-20 10:00:00', 44, 31, '', 229, 'Neutral Grip Pull Up Isometric Hold', NULL, '3', '-', '-', '-', NULL, '20"', '2A', NULL, NULL, NULL, NULL, NULL, NULL, '2024-12-02 21:02:36', '2024-12-02 21:02:36', 3, NULL, 40),
	(130, '2024-11-20 10:00:00', 44, 31, '', 43, 'Kettlebell Deadlift', NULL, '3', '401', '*', '60"', NULL, '8', '2B', '12', '16', '20', NULL, NULL, NULL, '2024-12-02 21:04:21', '2024-12-02 21:04:21', 3, NULL, 40),
	(131, '2023-11-30 10:00:00', 45, 32, '', 422, 'Supine Plank', NULL, '1', 'B', '-', '-', NULL, '3', 'iA', NULL, NULL, NULL, NULL, NULL, NULL, '2024-12-02 21:20:44', '2024-12-02 21:20:44', 3, NULL, 41),
	(132, '2023-11-30 10:00:00', 45, 32, '', 307, 'Plank', NULL, '1', 'B', '-', '-', NULL, '3', 'iB', NULL, NULL, NULL, NULL, NULL, NULL, '2024-12-02 21:21:13', '2024-12-02 21:21:13', 3, NULL, 41),
	(133, '2023-11-30 10:00:00', 45, 32, '', 280, 'Incline Push Up', NULL, '3', '331', '*', '-', NULL, '2|4', '1A', 'no.8', 'no.6', NULL, NULL, NULL, NULL, '2024-12-02 21:22:22', '2024-12-02 21:22:22', 3, NULL, 41),
	(134, '2023-11-30 10:00:00', 45, 32, '', 335, 'Dumbbell Goblet Squat', NULL, '3', '331', '*', '60"', NULL, '2|4', '1B', '10', '12', '15', '17', '20', '22', '2024-12-02 21:23:18', '2024-12-02 21:23:18', 3, NULL, 41),
	(135, '2024-11-20 10:00:00', 44, 31, '', 272, 'Dumbbell Incline (*) Bench Single Arm Press', NULL, '3', '211', '*', '60"', NULL, '10E', '1B', '10', '12', '7', NULL, NULL, NULL, '2024-12-02 21:29:54', '2024-12-02 21:29:54', 3, NULL, 40),
	(136, '2023-11-30 10:00:00', 45, 32, '', 232, 'Suspension Row', '', '3', '-', '1 b.', '-', 'Y', '4|2E', '2A', NULL, NULL, NULL, NULL, NULL, NULL, '2024-12-02 21:35:37', '2024-12-02 21:35:05', 3, 3, 41),
	(137, '2023-12-21 10:00:00', 45, 33, '', 93, 'Ball Slam', '', NULL, '1', NULL, NULL, 'Y', '4', '1A', NULL, NULL, NULL, NULL, NULL, NULL, '2024-12-25 04:36:45', '2024-12-02 21:37:30', 3, 3, 42),
	(138, '2023-12-21 10:00:00', 45, 33, '', 119, 'Box Jump', NULL, '2', '-', '*', '60"', NULL, '4', '1B', '12"', '18"', NULL, NULL, NULL, NULL, '2024-12-02 21:38:42', '2024-12-02 21:38:42', 3, NULL, 42),
	(139, '2023-12-21 10:00:00', 45, 33, '', 280, 'Incline Push Up', NULL, '1', '331', '*', '-', NULL, '2|4', 'ii', 'no.6', 'no.4', NULL, NULL, NULL, NULL, '2024-12-02 21:39:24', '2024-12-02 21:39:24', 3, NULL, 42),
	(140, '2023-12-21 10:00:00', 45, 33, '', 335, 'Dumbbell Goblet Squat', '', '3', '401', '*', '-', 'Y', '35"E', '2A', '15', '17', '20', NULL, NULL, NULL, '2024-12-02 21:41:02', '2024-12-02 21:40:04', 3, 3, 42),
	(141, '2023-12-21 10:00:00', 45, 33, '', 261, 'Dumbbell Floor Alternating Press', NULL, '2', '201', '*', '-', NULL, '5|2E', '2B', '10E', '12E', '15E', NULL, NULL, NULL, '2024-12-02 21:41:47', '2024-12-02 21:41:47', 3, NULL, 42),
	(142, '2023-12-21 10:00:00', 45, 33, '', 234, 'Suspension Row Isometric Hold', NULL, '1', '-', '1 b.', '-', NULL, '50"', 'iii', NULL, NULL, NULL, NULL, NULL, NULL, '2024-12-02 21:42:18', '2024-12-02 21:42:18', 3, NULL, 42),
	(143, '2023-12-21 10:00:00', 45, 33, '', 56, 'Single Leg Turn', 'I', '3', 'B', '-', '60"', NULL, '4|2E', '3A', NULL, NULL, NULL, NULL, NULL, NULL, '2024-12-25 05:33:32', '2024-12-02 21:42:52', 3, 3, 42),
	(144, '2023-12-21 10:00:00', 45, 33, '', 232, 'Suspension Row', NULL, '2', '211', '1 b.', '-', NULL, '2|4', '3B', NULL, NULL, NULL, NULL, NULL, NULL, '2024-12-02 21:43:19', '2024-12-02 21:43:19', 3, NULL, 42),
	(145, '2023-12-28 10:00:00', 45, 34, '', 93, 'Ball Slam', 'I', '2', '-', '2', '-', NULL, '4', '1A', NULL, NULL, NULL, NULL, NULL, NULL, '2024-12-25 05:32:22', '2024-12-02 21:57:46', 3, 3, 43),
	(146, '2023-12-28 10:00:00', 45, 34, '', 119, 'Box Jump', NULL, '2', '-', '*', '60"', NULL, '4', '1B', '12"', '18"', NULL, NULL, NULL, NULL, '2024-12-02 21:58:17', '2024-12-02 21:58:17', 3, NULL, 43),
	(147, '2023-12-28 10:00:00', 45, 34, '', 280, 'Incline Push Up', 'I', '3', '331', '*', '-', NULL, '2|4', '2A', 'no.6', 'no.4', NULL, NULL, NULL, NULL, '2024-12-25 05:32:34', '2024-12-02 21:58:50', 3, 3, 43),
	(148, '2023-12-28 10:00:00', 45, 34, '', 343, 'Front Foot Elevated Split Squat Isometric Hold', '', NULL, '1', NULL, NULL, 'Y', '335"E', '2B', NULL, NULL, NULL, NULL, NULL, NULL, '2024-12-25 04:41:16', '2024-12-02 21:59:18', 3, 3, 43),
	(149, '2023-12-28 10:00:00', 45, 34, '', 343, 'Front Foot Elevated Split Squat Isometric Hold', '', NULL, '1', NULL, NULL, 'Y', '55"', '3A', NULL, NULL, NULL, NULL, NULL, NULL, '2024-12-25 04:41:26', '2024-12-02 21:59:46', 3, 3, 43),
	(150, '2023-12-28 10:00:00', 45, 34, '', 8, 'Hooklying Low Reach', NULL, '3', '-', '-', '60"', NULL, '60"', '3B', NULL, NULL, NULL, NULL, NULL, NULL, '2024-12-02 22:00:15', '2024-12-02 22:00:15', 3, NULL, 43),
	(151, '2024-01-04 10:00:00', 45, 35, '', 82, 'Ball Chest Pass Rhythm', NULL, '2', '-', '2', '-', NULL, '20', '1A', NULL, NULL, NULL, NULL, NULL, NULL, '2024-12-02 22:02:15', '2024-12-02 22:02:15', 3, NULL, 44),
	(152, '2024-01-04 10:00:00', 45, 35, '', 98, 'Ball Supine Chest Pass', NULL, '2', '-', '2', '-', NULL, '10', '1B', NULL, NULL, NULL, NULL, NULL, NULL, '2024-12-02 22:03:10', '2024-12-02 22:02:58', 3, 3, 44),
	(153, '2024-01-04 10:00:00', 45, 35, '', 119, 'Box Jump', NULL, '2', '-', '*', '60"', NULL, '6', '1C', '12"', '18"', NULL, NULL, NULL, NULL, '2024-12-02 22:03:47', '2024-12-02 22:03:47', 3, NULL, 44),
	(154, '2024-01-04 10:00:00', 45, 35, '', 261, 'Dumbbell Floor Alternating Press', NULL, '3', '201', '*', '-', NULL, '4|3E', '2A', '10E', '12E', NULL, NULL, NULL, NULL, '2024-12-02 22:05:06', '2024-12-02 22:05:06', 3, NULL, 44),
	(155, '2024-01-04 10:00:00', 45, 35, '', 335, 'Dumbbell Goblet Squat', NULL, '3', '401', '*', '60"', NULL, '8', '2B', '12', '20', '22', '25', '27', '30', '2024-12-02 22:05:56', '2024-12-02 22:05:56', 3, NULL, 44),
	(156, '2024-01-04 10:00:00', 45, 35, '', 234, 'Suspension Row Isometric Hold', NULL, '1', '-', '1 b.', '-', NULL, '60"', 'iiiA', NULL, NULL, NULL, NULL, NULL, NULL, '2024-12-02 22:06:20', '2024-12-02 22:06:20', 3, NULL, 44),
	(157, '2024-01-04 10:00:00', 45, 35, '', 56, 'Single Leg Turn', NULL, '1', 'B', '-', '60"', NULL, '4|2E', 'iiiB', NULL, NULL, NULL, NULL, NULL, NULL, '2024-12-02 22:06:50', '2024-12-02 22:06:50', 3, NULL, 44),
	(158, '2024-01-04 10:00:00', 45, 35, '', 232, 'Suspension Row', NULL, '2', '211', '1 b', '-', 'Y', '8E', '3A', '1.5b', NULL, NULL, NULL, NULL, NULL, '2024-12-02 22:08:31', '2024-12-02 22:07:24', 3, 3, 44),
	(159, '2024-11-29 10:00:00', 41, 19, '', 483, 'CAMPS Back Butt Kick (Reflex)', NULL, NULL, NULL, NULL, NULL, NULL, NULL, NULL, NULL, NULL, NULL, NULL, NULL, NULL, '2024-12-04 20:51:04', '2024-12-04 20:51:04', 3, NULL, 27),
	(160, '2024-12-02 10:00:00', 41, 36, '', 483, 'CAMPS Back Butt Kick (Reflex)', NULL, NULL, NULL, NULL, NULL, NULL, NULL, NULL, NULL, NULL, NULL, NULL, NULL, NULL, '2024-12-04 20:53:51', '2024-12-04 20:53:51', 3, NULL, 45),
	(161, '2024-12-02 10:00:00', 41, 36, '', 342, 'Front Foot Elevated Split Squat', NULL, '3', '-', '-', '-', NULL, '35"', '1A', '-', '12', '15', NULL, NULL, NULL, '2024-12-04 20:54:18', '2024-12-04 20:54:18', 3, NULL, 45),
	(162, '2024-12-02 10:00:00', 41, 36, '', 268, 'Dumbbell Floor Single Arm Press', NULL, '3', '211', '-', '60"', NULL, '8E', '1B', '10', '12', '15*', NULL, NULL, NULL, '2024-12-04 20:55:16', '2024-12-04 20:55:16', 3, NULL, 45),
	(163, '2024-12-02 10:00:00', 41, 36, '', 234, 'Suspension Row Isometric Hold', NULL, '1', '-', '1.2b', '-', NULL, '45"', 'ii', NULL, NULL, NULL, NULL, NULL, NULL, '2024-12-04 20:55:44', '2024-12-04 20:55:44', 3, NULL, 45),
	(164, '2024-12-02 10:00:00', 41, 36, '', 56, 'Single Leg Turn', NULL, '3', 'B', '-', '60"', NULL, '2|2E', '2A', NULL, NULL, NULL, NULL, NULL, NULL, '2024-12-04 20:56:11', '2024-12-04 20:56:11', 3, NULL, 45),
	(165, '2024-12-02 10:00:00', 41, 36, '', 232, 'Suspension Row', NULL, '2', '211', '1.2b', '-', NULL, '8', '2B', '1 b.*', NULL, NULL, NULL, NULL, NULL, '2024-12-04 20:56:39', '2024-12-04 20:56:39', 3, NULL, 45),
	(166, '2024-12-06 10:00:00', 42, 20, '', 483, 'CAMPS Back Butt Kick (Reflex)', NULL, NULL, NULL, NULL, NULL, NULL, NULL, NULL, NULL, NULL, NULL, NULL, NULL, NULL, '2024-12-04 20:58:11', '2024-12-04 20:58:11', 3, NULL, 28),
	(167, '2024-10-29 10:00:00', 43, 21, '', 456, '90/90 Hip Lift', NULL, '1', 'B', '-', '-', NULL, '3', 'iA', NULL, NULL, NULL, NULL, NULL, NULL, '2024-12-04 21:02:59', '2024-12-04 21:02:59', 3, NULL, 29),
	(168, '2024-10-29 10:00:00', 43, 21, '', 249, 'Bear', NULL, '3', 'B', '-', '-', NULL, '45"', '1A', NULL, NULL, NULL, NULL, NULL, NULL, '2024-12-04 21:03:48', '2024-12-04 21:03:48', 3, NULL, 29),
	(169, '2024-11-05 10:00:00', 43, 22, '', 438, 'CAMPS Back Butt Kick (Power)', NULL, NULL, NULL, NULL, NULL, NULL, NULL, NULL, NULL, NULL, NULL, NULL, NULL, NULL, '2024-12-04 21:04:19', '2024-12-04 21:04:19', 3, NULL, 30),
	(170, '2024-11-11 10:00:00', 43, 23, '', 440, 'CAMPS Hip Rotate', NULL, NULL, NULL, NULL, NULL, NULL, NULL, NULL, NULL, NULL, NULL, NULL, NULL, NULL, '2024-12-04 21:04:37', '2024-12-04 21:04:37', 3, NULL, 31),
	(171, '2024-11-11 10:00:00', 43, 23, '', 435, 'Ball Chest Pass Power', NULL, '2', '-', '2', '60"', NULL, '10', '1B', NULL, NULL, NULL, NULL, NULL, NULL, '2024-12-04 21:05:03', '2024-12-04 21:05:03', 3, NULL, 31),
	(172, '2024-11-19 10:00:00', 43, 24, '', 485, 'CAMPS Hip CAR', NULL, NULL, NULL, NULL, NULL, NULL, NULL, NULL, NULL, NULL, NULL, NULL, NULL, NULL, '2024-12-04 21:13:41', '2024-12-04 21:13:41', 3, NULL, 32),
	(173, '2024-11-19 10:00:00', 43, 24, '', 484, 'Prowler Push', NULL, NULL, NULL, NULL, NULL, NULL, NULL, '1', NULL, NULL, NULL, NULL, NULL, NULL, '2024-12-04 21:13:53', '2024-12-04 21:13:53', 3, NULL, 32),
	(174, '2024-11-24 10:00:00', 43, 25, '', 443, 'CAMPS Lateral Squat', NULL, NULL, NULL, NULL, NULL, NULL, NULL, NULL, NULL, NULL, NULL, NULL, NULL, NULL, '2024-12-04 21:14:20', '2024-12-04 21:14:20', 3, NULL, 33),
	(175, '2024-10-02 10:00:00', 44, 26, '', 484, 'Prowler Push', NULL, '6', '-', '*', '15"', NULL, '1E', '3', '5', '10', '15', '20', '25', '30', '2024-12-04 21:20:03', '2024-12-04 21:20:03', 3, NULL, 35),
	(176, '2024-10-16 10:00:00', 44, 28, '', 483, 'CAMPS Back Butt Kick (Reflex)', NULL, NULL, NULL, NULL, NULL, NULL, NULL, NULL, NULL, NULL, NULL, NULL, NULL, NULL, '2024-12-04 21:22:28', '2024-12-04 21:22:28', 3, NULL, 37),
	(177, '2023-11-30 10:00:00', 45, 32, '', 483, 'CAMPS Back Butt Kick (Reflex)', NULL, NULL, NULL, NULL, NULL, NULL, NULL, NULL, NULL, NULL, NULL, NULL, NULL, NULL, '2024-12-04 21:28:15', '2024-12-04 21:28:15', 3, NULL, 41),
	(178, '2023-12-21 10:00:00', 45, 33, '', 438, 'CAMPS Back Butt Kick (Power)', NULL, NULL, NULL, NULL, NULL, NULL, NULL, NULL, NULL, NULL, NULL, NULL, NULL, NULL, '2024-12-04 21:28:44', '2024-12-04 21:28:44', 3, NULL, 42),
	(179, '2023-12-28 10:00:00', 45, 34, '', 440, 'CAMPS Hip Rotate', '', NULL, '1', NULL, NULL, 'Y', NULL, NULL, NULL, NULL, NULL, NULL, NULL, NULL, '2024-12-25 04:40:59', '2024-12-04 21:29:24', 3, 3, 43),
	(180, '2024-01-04 10:00:00', 45, 35, '', 443, 'CAMPS Lateral Squat', NULL, NULL, NULL, NULL, NULL, NULL, NULL, NULL, NULL, NULL, NULL, NULL, NULL, NULL, '2024-12-04 21:30:28', '2024-12-04 21:30:28', 3, NULL, 44),
	(181, '2024-12-03 10:00:00', 43, 38, '', 437, 'CAMPS Advance', NULL, NULL, NULL, NULL, NULL, NULL, NULL, NULL, NULL, NULL, NULL, NULL, NULL, NULL, '2024-12-04 22:23:30', '2024-12-04 22:23:30', 3, NULL, 47),
	(182, '2024-12-03 10:00:00', 43, 38, '', 93, 'Ball Slam', NULL, '2', '-', '2', '-', 'Y', '20E', '1A', NULL, NULL, NULL, NULL, NULL, NULL, '2024-12-04 22:26:17', '2024-12-04 22:24:25', 3, 3, 47),
	(183, '2024-12-03 10:00:00', 43, 38, '', 119, 'Box Jump', NULL, '2', '-', '18"', '60"', 'Y', '20E', '1B', NULL, NULL, NULL, NULL, NULL, NULL, '2024-12-04 22:27:15', '2024-12-04 22:26:00', 3, 3, 47),
	(184, '2024-12-03 10:00:00', 43, 38, '', 343, 'Front Foot Elevated Split Squat Isometric Hold', NULL, '3', '-', '*', '-', NULL, '35"E', '2A', '-', '12', '15', NULL, NULL, NULL, '2024-12-04 22:27:42', '2024-12-04 22:27:42', 3, NULL, 47),
	(185, '2024-12-03 10:00:00', 43, 38, '', 280, 'Incline Push Up', NULL, '3', '401', 'no.4', '60"', NULL, '2|4', '2B1', NULL, NULL, NULL, NULL, NULL, NULL, '2024-12-04 22:28:24', '2024-12-04 22:28:24', 3, NULL, 47),
	(186, '2024-12-03 10:00:00', 43, 38, '', 191, 'Cable Seated Row', NULL, '3', '211', '*', '-', NULL, '*', '3A', '12|20', '8|30', '8|35', NULL, NULL, NULL, '2024-12-04 22:29:02', '2024-12-04 22:29:02', 3, NULL, 47),
	(187, '2024-12-03 10:00:00', 43, 38, '', 56, 'Single Leg Turn', NULL, '1', 'B', '-', '60"', NULL, '2|2E', '3B1', NULL, NULL, NULL, NULL, NULL, NULL, '2024-12-04 22:29:27', '2024-12-04 22:29:27', 3, NULL, 47),
	(188, '2024-12-03 10:00:00', 43, 38, '', 55, 'Single Leg Deadlift', NULL, '2', '211', '*', '60"', NULL, '8E', '3B2', 'Ast.', '12 lb', NULL, NULL, NULL, NULL, '2024-12-04 22:30:04', '2024-12-04 22:30:04', 3, NULL, 47),
	(189, '2024-10-09 10:00:00', 44, 27, '', 486, 'CAMPS Back Dorsiflex Walk', NULL, NULL, NULL, NULL, NULL, NULL, NULL, NULL, NULL, NULL, NULL, NULL, NULL, NULL, '2024-12-05 01:07:22', '2024-12-05 01:07:22', 3, NULL, 36),
	(190, '2024-10-30 10:00:00', 44, 29, '', 439, 'CAMPS Back Butt Kick (Rhythm)', NULL, NULL, NULL, NULL, NULL, NULL, NULL, NULL, NULL, NULL, NULL, NULL, NULL, NULL, '2024-12-05 01:08:04', '2024-12-05 01:08:04', 3, NULL, 38),
	(191, '2024-11-05 10:00:00', 44, 30, '', 438, 'CAMPS Back Butt Kick (Power)', NULL, NULL, NULL, NULL, NULL, NULL, NULL, NULL, NULL, NULL, NULL, NULL, NULL, NULL, '2024-12-05 01:08:28', '2024-12-05 01:08:28', 3, NULL, 39),
	(192, '2024-11-20 10:00:00', 44, 31, '', 440, 'CAMPS Hip Rotate', NULL, NULL, NULL, NULL, NULL, NULL, NULL, NULL, NULL, NULL, NULL, NULL, NULL, NULL, '2024-12-05 01:08:56', '2024-12-05 01:08:56', 3, NULL, 40),
	(193, '2024-12-04 10:00:00', 44, 39, '', 440, 'CAMPS Hip Rotate', NULL, NULL, NULL, NULL, NULL, NULL, NULL, NULL, NULL, NULL, NULL, NULL, NULL, NULL, '2024-12-05 01:09:45', '2024-12-05 01:09:45', 3, NULL, 48),
	(194, '2024-12-04 10:00:00', 44, 39, '', 342, 'Front Foot Elevated Split Squat', NULL, '3', '201', '*', '-', NULL, '8E', '1A', '15', '25', '27', NULL, NULL, NULL, '2024-12-05 01:11:18', '2024-12-05 01:10:13', 3, 3, 48),
	(195, '2024-12-04 10:00:00', 44, 39, '', 268, 'Dumbbell Floor Single Arm Press', NULL, '3', '201', '*', '60"', NULL, '8E', '1B', '10', '12', NULL, NULL, NULL, NULL, '2024-12-05 01:11:05', '2024-12-05 01:11:05', 3, NULL, 48),
	(196, '2024-12-04 10:00:00', 44, 39, '', 232, 'Suspension Row', NULL, '3', '211', '1b', '-', NULL, '2|5', '2A', NULL, NULL, NULL, NULL, NULL, NULL, '2024-12-05 01:11:41', '2024-12-05 01:11:41', 3, NULL, 48),
	(197, '2024-12-04 10:00:00', 44, 39, '', 55, 'Single Leg Deadlift', NULL, '2', '211', '*', '60"', NULL, '8', '2B', 'FR', '8', NULL, NULL, NULL, NULL, '2024-12-05 01:12:13', '2024-12-05 01:12:13', 3, NULL, 48),
	(198, '2024-01-11 10:00:00', 45, 37, '', 442, 'CAMPS Lateral Lunge', '', '5', NULL, NULL, NULL, 'Y', NULL, NULL, NULL, NULL, NULL, NULL, NULL, NULL, '2024-12-25 04:35:11', '2024-12-05 01:14:09', 3, 3, 46),
	(199, '2024-01-11 10:00:00', 45, 37, '', 280, 'Incline Push Up', '', '2', NULL, NULL, NULL, 'Y', '2|5', '2A', NULL, NULL, NULL, NULL, NULL, NULL, '2024-12-25 04:33:08', '2024-12-05 01:14:51', 3, 3, 46),
	(200, '2024-01-11 10:00:00', 45, 37, '', 343, 'Front Foot Elevated Split Squat Isometric Hold', '', '2', NULL, NULL, NULL, 'Y', '35"E', '2B', NULL, NULL, NULL, NULL, NULL, NULL, '2024-12-25 04:32:36', '2024-12-05 01:15:20', 3, 3, 46),
	(201, '2024-01-11 10:00:00', 45, 37, '', 8, 'Hooklying Low Reach', '', '3', '-', '*', '60"', 'Y', '2|10"', '3A', '-', 'SA', NULL, NULL, NULL, NULL, '2024-12-05 01:16:28', '2024-12-05 01:15:47', 3, 3, 46),
	(202, '2024-01-18 10:00:00', 45, 40, '', 442, 'CAMPS Lateral Lunge', NULL, NULL, NULL, NULL, NULL, NULL, NULL, NULL, NULL, NULL, NULL, NULL, NULL, NULL, '2024-12-05 01:17:12', '2024-12-05 01:17:12', 3, NULL, 49),
	(203, '2024-01-18 10:00:00', 45, 40, '', 191, 'Cable Seated Row', NULL, '3', '211', '*', NULL, 'Y', '20E', '3A', '30', '40', '50', NULL, NULL, NULL, '2024-12-05 01:26:03', '2024-12-05 01:18:14', 3, 3, 49),
	(204, '2024-01-18 10:00:00', 45, 40, '', 56, 'Single Leg Turn', NULL, '1', 'B', '-', '60"', 'Y', '4E', '3B1', NULL, NULL, NULL, NULL, NULL, NULL, '2024-12-05 01:26:17', '2024-12-05 01:18:58', 3, 3, 49),
	(205, '2024-01-18 10:00:00', 45, 40, '', 55, 'Single Leg Deadlift', NULL, '2', '401', 'Ast.', '60"', 'Y', '4E', '3B2', NULL, NULL, NULL, NULL, NULL, NULL, '2024-12-05 01:26:25', '2024-12-05 01:19:21', 3, 3, 49),
	(206, '2024-01-18 10:00:00', 45, 40, '', 261, 'Dumbbell Floor Alternating Press', NULL, '3', '201', '*', '-', NULL, '3|4E', '2A', '10E', '12E', NULL, NULL, NULL, NULL, '2024-12-05 01:19:54', '2024-12-05 01:19:54', 3, NULL, 49),
	(207, '2024-01-18 10:00:00', 45, 40, '', 335, 'Dumbbell Goblet Squat', NULL, '3', '401', '*', '60"', NULL, '8', '2B', '20', '30', NULL, NULL, NULL, NULL, '2024-12-05 01:20:15', '2024-12-05 01:20:15', 3, NULL, 49),
	(210, '2024-01-25 10:00:00', 45, 41, '', 442, 'CAMPS Lateral Lunge', NULL, NULL, NULL, NULL, NULL, NULL, NULL, NULL, NULL, NULL, NULL, NULL, NULL, NULL, '2024-12-05 01:27:25', '2024-12-05 01:27:25', 3, NULL, 50),
	(211, '2024-01-25 10:00:00', 45, 41, '', 149, 'Open Step Side to Side', NULL, '2', '-', '2.r', '-', NULL, '20E', '1A', NULL, NULL, NULL, NULL, NULL, NULL, '2024-12-05 01:28:30', '2024-12-05 01:28:30', 3, NULL, 50),
	(212, '2024-01-25 10:00:00', 45, 41, '', 280, 'Incline Push Up', '', NULL, '1', NULL, NULL, 'Y', '8', '2A', NULL, NULL, NULL, NULL, NULL, NULL, '2024-12-25 04:43:33', '2024-12-05 01:29:04', 3, 3, 50),
	(213, '2024-01-25 10:00:00', 45, 41, '', 343, 'Front Foot Elevated Split Squat Isometric Hold', NULL, '3', '-', '*', '60"', NULL, '35"E', '2B', '-', NULL, NULL, NULL, NULL, NULL, '2024-12-05 01:30:19', '2024-12-05 01:30:19', 3, NULL, 50),
	(214, '2024-01-25 10:00:00', 45, 41, '', 234, 'Suspension Row Isometric Hold', NULL, '1', '-', '1 b.', '-', NULL, '45"', '3A', NULL, NULL, NULL, NULL, NULL, NULL, '2024-12-05 01:30:42', '2024-12-05 01:30:42', 3, NULL, 50),
	(215, '2024-01-25 10:00:00', 45, 41, '', 5, 'Bench Hooklying Low Reach', NULL, '3', '-', '*', '60"', NULL, '60"', '3B', '-', 'SA', NULL, NULL, NULL, NULL, '2024-12-05 01:31:05', '2024-12-05 01:31:05', 3, NULL, 50),
	(216, '2024-01-25 10:00:00', 45, 41, '', 149, 'Open Step Side to Side', NULL, '4', '-', '2', '15"', NULL, '15"', 'C', NULL, NULL, NULL, NULL, NULL, NULL, '2024-12-05 01:31:26', '2024-12-05 01:31:26', 3, NULL, 50),
	(217, '2024-01-29 10:00:00', 45, 42, '', 442, 'CAMPS Lateral Lunge', NULL, NULL, NULL, NULL, NULL, NULL, NULL, NULL, NULL, NULL, NULL, NULL, NULL, NULL, '2024-12-05 01:32:06', '2024-12-05 01:32:06', 3, NULL, 51),
	(218, '2024-01-29 10:00:00', 45, 42, '', 149, 'Open Step Side to Side', NULL, '2', '-', '2 r.', '-', NULL, '10E', '1A', NULL, NULL, NULL, NULL, NULL, NULL, '2024-12-05 01:32:31', '2024-12-05 01:32:31', 3, NULL, 51),
	(219, '2024-01-29 10:00:00', 45, 42, '', 80, 'Ball 90° Punch', NULL, '1', '-', '2', '60"', NULL, '4E', '1B1', NULL, NULL, NULL, NULL, NULL, NULL, '2024-12-05 01:33:03', '2024-12-05 01:33:03', 3, NULL, 51),
	(220, '2024-01-29 10:00:00', 45, 42, '', 85, 'Ball Scoop Pass', NULL, '1', '-', '2', '60"', NULL, '4E', '1B2', NULL, NULL, NULL, NULL, NULL, NULL, '2024-12-05 01:33:53', '2024-12-05 01:33:53', 3, NULL, 51),
	(221, '2024-01-29 10:00:00', 45, 42, '', 84, 'Ball Open Step Side to Side Scoop Pass', NULL, '4', '-', '2', '15"', NULL, '15"', 'C', NULL, NULL, NULL, NULL, NULL, NULL, '2024-12-05 01:34:47', '2024-12-05 01:34:47', 3, NULL, 51),
	(222, '2024-01-29 10:00:00', 45, 42, '', 261, 'Dumbbell Floor Alternating Press', '', NULL, '1', NULL, NULL, 'Y', NULL, '2A', NULL, NULL, NULL, NULL, NULL, NULL, '2024-12-25 04:50:00', '2024-12-05 01:35:30', 3, 3, 51),
	(223, '2024-01-29 10:00:00', 45, 42, '', 260, 'Dumbbell Bench Single Arm Press', NULL, NULL, NULL, NULL, NULL, 'Y', NULL, '2A', NULL, NULL, NULL, NULL, NULL, '1', '2024-12-25 04:51:01', '2024-12-05 01:36:03', 3, 3, 51),
	(224, '2024-01-29 10:00:00', 45, 42, '', 191, 'Cable Seated Row', NULL, '3', '211', '*', '-', NULL, '8', '3A', '40', '60', NULL, NULL, NULL, NULL, '2024-12-05 01:36:19', '2024-12-05 01:36:19', 3, NULL, 51),
	(225, '2024-01-29 10:00:00', 45, 42, '', 55, 'Single Leg Deadlift', NULL, '2', '211', '*', '60"', NULL, '8E', '3B', '8', '12', NULL, NULL, NULL, NULL, '2024-12-05 01:36:43', '2024-12-05 01:36:43', 3, NULL, 51),
	(226, '2024-01-31 10:00:00', 45, 42, '', 442, 'CAMPS Lateral Lunge', NULL, NULL, NULL, NULL, NULL, NULL, NULL, '3B', NULL, NULL, NULL, NULL, NULL, NULL, '2024-12-05 01:37:35', '2024-12-05 01:37:35', 3, NULL, 52),
	(227, '2024-01-31 10:00:00', 45, 42, '', 162, 'Skater Side to Side', NULL, '2', '-', '-', '-', 'Y', '20E', '1A', NULL, NULL, NULL, NULL, NULL, NULL, '2024-12-05 01:41:58', '2024-12-05 01:38:31', 3, 3, 52),
	(228, '2024-01-31 10:00:00', 45, 42, '', 342, 'Front Foot Elevated Split Squat', NULL, '3', '401', '*', '-', NULL, '8E', '2A', '-', '10', '12', NULL, NULL, NULL, '2024-12-05 01:40:29', '2024-12-05 01:40:29', 3, NULL, 52),
	(229, '2024-01-31 10:00:00', 45, 42, '', 435, 'Ball Chest Pass Power', NULL, '3', '-', '2', '-', NULL, '10', '2B', NULL, NULL, NULL, NULL, NULL, NULL, '2024-12-05 01:40:51', '2024-12-05 01:40:51', 3, NULL, 52),
	(230, '2024-01-31 10:00:00', 45, 42, '', 98, 'Ball Supine Chest Pass', NULL, '3', '-', '2', '60"', NULL, '20', '2C', NULL, NULL, NULL, NULL, NULL, NULL, '2024-12-05 01:41:28', '2024-12-05 01:41:28', 3, NULL, 52),
	(231, '2024-01-31 10:00:00', 45, 42, '', 191, 'Cable Seated Row', NULL, '3', '211', '*', '-', NULL, '8', '3A', '40', '60', NULL, NULL, NULL, NULL, '2024-12-05 01:42:22', '2024-12-05 01:42:22', 3, NULL, 52),
	(232, '2024-02-08 10:00:00', 45, 43, '', 436, 'CAMPS', NULL, NULL, NULL, NULL, NULL, NULL, NULL, NULL, NULL, NULL, NULL, NULL, NULL, NULL, '2024-12-05 01:43:34', '2024-12-05 01:43:34', 3, NULL, 53),
	(233, '2024-02-08 10:00:00', 45, 43, '', 162, 'Skater Side to Side', NULL, '2', '-', '-', '-', NULL, '20E', '1A', NULL, NULL, NULL, NULL, NULL, NULL, '2024-12-05 01:43:57', '2024-12-05 01:43:57', 3, NULL, 53),
	(234, '2024-02-08 10:00:00', 45, 43, '', 92, 'Ball Skater Side to Side Scoop Pass', NULL, '2', '-', '2', '60"', NULL, '4E', '1B', NULL, NULL, NULL, NULL, NULL, NULL, '2024-12-05 01:45:43', '2024-12-05 01:45:43', 3, NULL, 53),
	(235, '2024-02-08 10:00:00', 45, 43, '', 268, 'Dumbbell Floor Single Arm Press', '', NULL, NULL, NULL, NULL, 'Y', '1', '2A', NULL, NULL, NULL, NULL, NULL, NULL, '2024-12-25 04:55:41', '2024-12-05 01:46:41', 3, 3, 53),
	(236, '2024-02-08 10:00:00', 45, 43, '', 335, 'Dumbbell Goblet Squat', '', NULL, NULL, '2', NULL, 'Y', NULL, '2B', NULL, NULL, NULL, NULL, NULL, NULL, '2024-12-25 04:55:32', '2024-12-05 01:47:14', 3, 3, 53),
	(237, '2024-02-08 10:00:00', 45, 43, '', 232, 'Suspension Row', NULL, '3', '211', '1 b.', '-', NULL, '2|4', '3A', NULL, NULL, NULL, NULL, NULL, NULL, '2024-12-05 01:47:53', '2024-12-05 01:47:53', 3, NULL, 53),
	(238, '2024-02-08 10:00:00', 45, 43, '', 55, 'Single Leg Deadlift', NULL, '2', '211', '*', '60"', NULL, '*', '3B', '8E|8', '6E|6', NULL, NULL, NULL, NULL, '2024-12-05 01:48:44', '2024-12-05 01:48:44', 3, NULL, 53),
	(239, '2024-02-15 10:00:00', 45, 44, '', 437, 'CAMPS Advance', NULL, NULL, NULL, NULL, NULL, NULL, NULL, NULL, NULL, NULL, NULL, NULL, NULL, NULL, '2024-12-05 01:49:34', '2024-12-05 01:49:34', 3, NULL, 54),
	(240, '2024-02-15 10:00:00', 45, 44, '', 149, 'Open Step Side to Side', NULL, '1', '-', '-', '-', NULL, '20E', '1A', NULL, NULL, NULL, NULL, NULL, NULL, '2024-12-05 01:49:55', '2024-12-05 01:49:55', 3, NULL, 54),
	(241, '2024-02-15 10:00:00', 45, 44, '', 162, 'Skater Side to Side', NULL, '1', '-', '-', '-', NULL, '20E', '1B', NULL, NULL, NULL, NULL, NULL, NULL, '2024-12-05 01:50:21', '2024-12-05 01:50:21', 3, NULL, 54),
	(242, '2024-02-15 10:00:00', 45, 44, '', 157, 'Side Step Side to Side', NULL, '2', '-', '-', '60"', NULL, '20E', '1C', NULL, NULL, NULL, NULL, NULL, NULL, '2024-12-05 01:50:49', '2024-12-05 01:50:49', 3, NULL, 54),
	(243, '2024-02-15 10:00:00', 45, 44, '', 157, 'Side Step Side to Side', NULL, '4', '-', '-', '15"', NULL, '15"', 'C', NULL, NULL, NULL, NULL, NULL, NULL, '2024-12-05 01:51:09', '2024-12-05 01:51:09', 3, NULL, 54),
	(244, '2024-02-15 10:00:00', 45, 44, '', 342, 'Front Foot Elevated Split Squat', NULL, '3', '401', '*', '-', NULL, '8E', '2A', '10', '15', NULL, NULL, NULL, NULL, '2024-12-05 01:51:50', '2024-12-05 01:51:50', 3, NULL, 54),
	(245, '2024-02-15 10:00:00', 45, 44, '', 270, 'Dumbbell Incline (2) Bench Press', NULL, '3', '211', '*', '60"', NULL, '10', '2B', '7E', '10E', NULL, NULL, NULL, NULL, '2024-12-05 01:52:55', '2024-12-05 01:52:55', 3, NULL, 54),
	(246, '2024-02-15 10:00:00', 45, 44, '', 191, 'Cable Seated Row', NULL, '3', '211', '*', '-', NULL, '8', '3A', '50', '75', NULL, NULL, NULL, NULL, '2024-12-05 01:53:22', '2024-12-05 01:53:22', 3, NULL, 54),
	(247, '2024-02-15 10:00:00', 45, 44, '', 8, 'Hooklying Low Reach', NULL, '3', '211', '*', '60"', NULL, '8E', '3B', '-', 'SA', NULL, NULL, NULL, NULL, '2024-12-05 01:53:40', '2024-12-05 01:53:40', 3, NULL, 54),
	(248, '2024-02-29 10:00:00', 45, 45, '', 437, 'CAMPS Advance', NULL, NULL, NULL, NULL, NULL, NULL, NULL, NULL, NULL, NULL, NULL, NULL, NULL, NULL, '2024-12-05 01:54:27', '2024-12-05 01:54:27', 3, NULL, 55),
	(249, '2024-02-29 10:00:00', 45, 45, '', 157, 'Side Step Side to Side', NULL, '2', '-', '2', '-', NULL, '20E', '1A', NULL, NULL, NULL, NULL, NULL, NULL, '2024-12-05 01:54:56', '2024-12-05 01:54:56', 3, NULL, 55),
	(250, '2024-02-29 10:00:00', 45, 45, '', 86, 'Ball Side Step Side to Side Scoop Pass', NULL, '2', '-', '2', '60"', NULL, '4E', '1B', NULL, NULL, NULL, NULL, NULL, NULL, '2024-12-05 01:55:58', '2024-12-05 01:55:58', 3, NULL, 55),
	(251, '2024-02-29 10:00:00', 45, 45, '', 86, 'Ball Side Step Side to Side Scoop Pass', NULL, '4', '-', '2', '15"', NULL, '15"', 'C', NULL, NULL, NULL, NULL, NULL, NULL, '2024-12-05 01:56:17', '2024-12-05 01:56:17', 3, NULL, 55),
	(252, '2024-02-29 10:00:00', 45, 45, '', 268, 'Dumbbell Floor Single Arm Press', NULL, '3', '201', '*', '-', NULL, '*', '2A', '12E|10', '6E|15', '8E|15', NULL, NULL, NULL, '2024-12-05 01:57:10', '2024-12-05 01:57:10', 3, NULL, 55),
	(253, '2024-02-29 10:00:00', 45, 45, '', 335, 'Dumbbell Goblet Squat', NULL, '3', '401', '*', '60"', NULL, '*', '2B', '8|20', '6|35', '4|40', NULL, NULL, NULL, '2024-12-05 01:57:57', '2024-12-05 01:57:57', 3, NULL, 55),
	(254, '2024-02-29 10:00:00', 45, 45, '', 232, 'Suspension Row', NULL, '3', '211', '5.b', '-', NULL, '2|4', '3A', NULL, NULL, NULL, NULL, NULL, NULL, '2024-12-05 01:58:21', '2024-12-05 01:58:21', 3, NULL, 55),
	(255, '2024-02-29 10:00:00', 45, 45, '', 55, 'Single Leg Deadlift', NULL, '2', '211', '*', '60"', NULL, '*', '3B', '8E|8', '6E|20', NULL, NULL, NULL, NULL, '2024-12-05 01:58:52', '2024-12-05 01:58:52', 3, NULL, 55),
	(256, '2024-03-07 10:00:00', 45, 46, '', 442, 'CAMPS Lateral Lunge', NULL, NULL, NULL, NULL, NULL, NULL, NULL, NULL, NULL, NULL, NULL, NULL, NULL, NULL, '2024-12-05 01:59:44', '2024-12-05 01:59:44', 3, NULL, 56),
	(257, '2024-03-07 10:00:00', 45, 46, '', 180, 'Vipr Cross Step Rhythm', NULL, '2', '-', '6', '-', NULL, '20E', '1A', NULL, NULL, NULL, NULL, NULL, NULL, '2024-12-05 02:00:20', '2024-12-05 02:00:20', 3, NULL, 56),
	(258, '2024-03-07 10:00:00', 45, 46, '', 177, 'Vipr Cross Step Power (Single)', NULL, '2', '-', '6', '60"', NULL, '4E', '1B', NULL, NULL, NULL, NULL, NULL, NULL, '2024-12-05 02:01:15', '2024-12-05 02:01:15', 3, NULL, 56),
	(259, '2024-03-07 10:00:00', 45, 46, '', 180, 'Vipr Cross Step Rhythm', NULL, '4', '-', '6', '15"', NULL, '15"', 'C', NULL, NULL, NULL, NULL, NULL, NULL, '2024-12-05 02:01:49', '2024-12-05 02:01:49', 3, NULL, 56),
	(260, '2024-03-07 10:00:00', 45, 46, '', 342, 'Front Foot Elevated Split Squat', NULL, '3', '401', '*', '-', NULL, '8E', '2A', '12', '17', '20', NULL, NULL, NULL, '2024-12-05 02:03:02', '2024-12-05 02:03:02', 3, NULL, 56),
	(261, '2024-03-07 10:00:00', 45, 46, '', 270, 'Dumbbell Incline (2) Bench Press', NULL, '3', '211', '*', '60"', NULL, '10', '2B', '10E', '12E', NULL, NULL, NULL, NULL, '2024-12-05 02:03:39', '2024-12-05 02:03:39', 3, NULL, 56),
	(262, '2024-03-07 10:00:00', 45, 46, '', 192, 'Cable Short Seated Single Arm Row', NULL, '3', '211', '*', '-', NULL, '8E', '3A', '15', '25', NULL, NULL, NULL, NULL, '2024-12-05 02:05:11', '2024-12-05 02:05:11', 3, NULL, 56),
	(263, '2024-03-07 10:00:00', 45, 46, '', 8, 'Hooklying Low Reach', NULL, '3', '211', '*', '60"', NULL, '8E', '3B', '-', 'Mid.', NULL, NULL, NULL, NULL, '2024-12-05 02:05:49', '2024-12-05 02:05:49', 3, NULL, 56),
	(264, '2024-03-21 10:00:00', 45, 47, '', 442, 'CAMPS Lateral Lunge', NULL, NULL, NULL, NULL, NULL, NULL, NULL, NULL, NULL, NULL, NULL, NULL, NULL, NULL, '2024-12-05 02:09:44', '2024-12-05 02:09:44', 3, NULL, 57),
	(265, '2024-03-21 10:00:00', 45, 47, '', 180, 'Vipr Cross Step Rhythm', NULL, '2', '-', '6', '-', NULL, '10E', '1A', NULL, NULL, NULL, NULL, NULL, NULL, '2024-12-05 02:10:12', '2024-12-05 02:10:12', 3, NULL, 57),
	(266, '2024-03-21 10:00:00', 45, 47, '', 182, 'Vipr Open Step Power (Single)', NULL, '2', '-', '6', '-', NULL, '2E', '1B', NULL, NULL, NULL, NULL, NULL, NULL, '2024-12-05 02:10:30', '2024-12-05 02:10:30', 3, NULL, 57),
	(267, '2024-03-21 10:00:00', 45, 47, '', 181, 'Vipr Open Step Power (Double)', NULL, '2', '-', '6', '60"', NULL, '2E', '1C', NULL, NULL, NULL, NULL, NULL, NULL, '2024-12-05 02:12:15', '2024-12-05 02:10:45', 3, 3, 57),
	(268, '2024-03-21 10:00:00', 45, 47, '', 182, 'Vipr Open Step Power (Single)', NULL, '4', '-', '6', '16"', NULL, '2E', 'C', NULL, NULL, NULL, NULL, NULL, NULL, '2024-12-05 02:11:07', '2024-12-05 02:11:07', 3, NULL, 57),
	(269, '2024-03-21 10:00:00', 45, 47, '', 376, 'Single Leg Squat to Box', '', '1', NULL, NULL, NULL, 'Y', NULL, '2A', NULL, NULL, NULL, NULL, NULL, NULL, '2024-12-25 04:52:40', '2024-12-05 02:12:05', 3, 3, 57),
	(270, '2024-03-21 10:00:00', 45, 47, '', 268, 'Dumbbell Floor Single Arm Press', NULL, '3', '201', '*', '60"', NULL, '*', '2B', '12E|10', '6E|17', NULL, NULL, NULL, NULL, '2024-12-05 02:12:56', '2024-12-05 02:12:56', 3, NULL, 57),
	(271, '2024-03-21 10:00:00', 45, 47, '', 43, 'Kettlebell Deadlift', NULL, '3', '401', '8', '-', NULL, '8', '3A', '12', '20', NULL, NULL, NULL, NULL, '2024-12-05 02:13:24', '2024-12-05 02:13:24', 3, NULL, 57),
	(272, '2024-03-21 10:00:00', 45, 47, '', 250, 'Cable Bilateral Stance Single Arm Press', NULL, '3', '211', '*', '60"', NULL, '*', '3B', '12E|15', '10E|20', NULL, NULL, NULL, NULL, '2024-12-05 02:14:32', '2024-12-05 02:14:23', 3, 3, 57),
	(273, '2024-04-04 10:00:00', 45, 48, '', 442, 'CAMPS Lateral Lunge', NULL, NULL, NULL, NULL, NULL, NULL, NULL, NULL, NULL, NULL, NULL, NULL, NULL, NULL, '2024-12-05 02:15:35', '2024-12-05 02:15:35', 3, NULL, 58),
	(274, '2024-04-04 10:00:00', 45, 48, '', 185, 'Vipr Open Step Rhythm', NULL, '2', '-', '6', '-', NULL, '10E', '1A', NULL, NULL, NULL, NULL, NULL, NULL, '2024-12-05 02:16:24', '2024-12-05 02:16:13', 3, 3, 58),
	(275, '2024-04-04 10:00:00', 45, 48, '', 342, 'Front Foot Elevated Split Squat', NULL, '3', '401', '*', '-', NULL, '8E', '2A', '15', '22', '25', NULL, NULL, NULL, '2024-12-05 02:16:48', '2024-12-05 02:16:48', 3, NULL, 58),
	(276, '2024-04-04 10:00:00', 45, 48, '', 266, 'Dumbbell Floor Press', NULL, '3', '401', '*', '60"', NULL, '10', '2B', '10E', '12E', NULL, NULL, NULL, NULL, '2024-12-05 02:17:21', '2024-12-05 02:17:21', 3, NULL, 58),
	(277, '2024-04-04 10:00:00', 45, 48, '', 232, 'Suspension Row', NULL, '3', '-', '1 b.', '-', NULL, '45"', '3A', '20', '30', NULL, NULL, NULL, NULL, '2024-12-05 02:17:42', '2024-12-05 02:17:42', 3, NULL, 58),
	(278, '2024-04-04 10:00:00', 45, 48, '', 8, 'Hooklying Low Reach', NULL, '3', '-', '-', '60"', NULL, '60"', '3B', NULL, NULL, NULL, NULL, NULL, NULL, '2024-12-05 02:18:01', '2024-12-05 02:18:01', 3, NULL, 58),
	(279, '2024-04-05 10:00:00', 45, 48, '', 390, 'Transformer Bar Safety Squat Bar Squat', NULL, '3', '401', '*', '-', NULL, '8', '1', '25', '45', NULL, NULL, NULL, NULL, '2024-12-05 02:19:41', '2024-12-05 02:19:14', 3, 3, 59),
	(280, '2024-04-05 10:00:00', 45, 48, '', 229, 'Neutral Grip Pull Up Isometric Hold', NULL, '3', '-', '-', '-', NULL, '10"', '2A', NULL, NULL, NULL, NULL, NULL, NULL, '2024-12-05 02:19:34', '2024-12-05 02:19:34', 3, NULL, 59),
	(281, '2024-04-05 10:00:00', 45, 48, '', 318, 'Swiss Ball Plank', NULL, '3', 'B', '-', '-', NULL, '45"', '2B', NULL, NULL, NULL, NULL, NULL, NULL, '2024-12-05 02:20:04', '2024-12-05 02:20:04', 3, NULL, 59),
	(282, '2024-04-05 10:00:00', 45, 48, '', 1, 'Alternating Bridge March', NULL, '3', '050', '-', '60"', NULL, '4E', '2C', NULL, NULL, NULL, NULL, NULL, NULL, '2024-12-05 02:20:31', '2024-12-05 02:20:31', 3, NULL, 59),
	(283, '2024-04-07 10:00:00', 45, 49, '', 82, 'Ball Chest Pass Rhythm', NULL, '2', '-', '2', '-', NULL, '20', '1A', NULL, NULL, NULL, NULL, NULL, NULL, '2024-12-05 02:22:01', '2024-12-05 02:22:01', 3, NULL, 60),
	(284, '2024-04-07 10:00:00', 45, 49, '', 435, 'Ball Chest Pass Power', NULL, '2', '-', '2', '-', NULL, '10', '1B', NULL, NULL, NULL, NULL, NULL, NULL, '2024-12-05 02:22:25', '2024-12-05 02:22:25', 3, NULL, 60),
	(285, '2024-04-07 10:00:00', 45, 49, '', 424, 'Dumbbell Incline (4) Bench Press', NULL, '3', '401', '12E', '-', NULL, '12', '2A', NULL, NULL, NULL, NULL, NULL, NULL, '2024-12-05 02:22:54', '2024-12-05 02:22:54', 3, NULL, 60),
	(286, '2024-04-07 10:00:00', 45, 49, '', 232, 'Suspension Row', NULL, '3', '211', '1 b.', '-', NULL, '8', '3A', NULL, NULL, NULL, NULL, NULL, NULL, '2024-12-05 02:25:16', '2024-12-05 02:25:16', 3, NULL, 60),
	(287, '2024-04-07 10:00:00', 45, 49, '', 280, 'Incline Push Up', NULL, '3', '-', 'no. 6', '60"', NULL, '45"', '3B', NULL, NULL, NULL, NULL, NULL, NULL, '2024-12-05 02:26:49', '2024-12-05 02:26:49', 3, NULL, 60),
	(288, '2024-04-08 10:00:00', 45, 49, '', 343, 'Front Foot Elevated Split Squat Isometric Hold', NULL, '1', '-', '-', '-', NULL, '35"', 'i', NULL, NULL, NULL, NULL, NULL, NULL, '2024-12-05 18:08:06', '2024-12-05 18:08:06', 3, NULL, 61),
	(289, '2024-04-08 10:00:00', 45, 49, '', 13, 'Reverse Plank', NULL, '3', '050', '12"', '60"', NULL, '4E', '1A', NULL, NULL, NULL, NULL, NULL, NULL, '2024-12-05 18:09:21', '2024-12-05 18:09:21', 3, NULL, 61),
	(290, '2024-04-08 10:00:00', 45, 49, '', 342, 'Front Foot Elevated Split Squat', NULL, '2', '401', '*', '-', NULL, '*', '1B', '12E|15', '10E|20', '8E|25', NULL, NULL, NULL, '2024-12-05 18:10:04', '2024-12-05 18:10:04', 3, NULL, 61),
	(291, '2024-04-08 10:00:00', 45, 49, '', 43, 'Kettlebell Deadlift', NULL, '1', '401', '20', '-', NULL, '8', 'ii', NULL, NULL, NULL, NULL, NULL, NULL, '2024-12-05 18:10:37', '2024-12-05 18:10:37', 3, NULL, 61),
	(292, '2024-04-08 10:00:00', 45, 49, '', 374, 'Single Leg Partial Squat Isometric Hold (Lateral Step)', NULL, '3', '-', '2 r.', '60"', NULL, '45"E', '2A', NULL, NULL, NULL, NULL, NULL, NULL, '2024-12-05 18:11:32', '2024-12-05 18:11:32', 3, NULL, 61),
	(293, '2024-04-08 10:00:00', 45, 49, '', 61, 'Trap Bar Deadlift', NULL, '2', '401', '45', '-', NULL, '8', '2B', NULL, NULL, NULL, NULL, NULL, NULL, '2024-12-05 18:12:03', '2024-12-05 18:12:03', 3, NULL, 61),
	(294, NULL, 45, 49, '', 81, 'Heavy Ball Punch', '', '2', '-', '2', '60"', NULL, '4E', '1B', '', ' ', '', '', '', '', NULL, '2024-12-05 19:10:04', NULL, NULL, 62),
	(295, NULL, 45, 49, '', 296, 'Landmine Press | H', '', '1', '401', '20', '-', NULL, '8', 'ii', '', ' ', '', '', '', '', NULL, '2024-12-05 19:10:04', NULL, NULL, 62),
	(296, NULL, 45, 49, '', 229, 'Neutral Grip Pull Up Iso. Hold', '', '3', '-', '-', '60"', NULL, '2|8"', '2A', '', ' ', '', '', '', '', NULL, '2024-12-05 19:10:04', NULL, NULL, 62),
	(297, NULL, 45, 49, '', 296, 'Landmine Press/Punch | H', '', '2', '401/-', '20', '-', NULL, '4/4E', '2B', '', ' ', '', '', '', '', NULL, '2024-12-05 19:10:04', NULL, NULL, 62),
	(298, NULL, 45, 49, '', 198, 'Chest Supported Dumbbell Row', '', '3', '211', '*', '-', NULL, '8', '3A', '12E', '17E ', '', '', '', '', NULL, '2024-12-05 19:10:04', NULL, NULL, 62),
	(299, NULL, 45, 49, '', 318, 'Plank | Swiss Ball', '', '3', 'B', '-', '60"', NULL, '45"', '3B', '', '', '', '', '', '', NULL, '2024-12-05 19:10:04', NULL, NULL, 62),
	(300, NULL, 45, 49, '', 435, 'Heavy Ball Chest Pass | Power', '', '2', '-', '2', '-', NULL, '10', '1A', '', '', '', '', '', '', NULL, '2024-12-05 19:12:37', NULL, NULL, 62),
	(301, NULL, 45, 49, '', 390, 'Transformer Bar | Safety Squat Bar', '', '3', 'B', '*', '-', NULL, '8', '1A', '25', '35', '', '', '', ' ', NULL, '2024-12-06 08:00:59', NULL, NULL, 63),
	(302, NULL, 45, 49, '', 56, 'Single Leg Turn', '', '3', '401', '-', '-', NULL, '4|2E', '1B', '', '', '', '', '', ' ', NULL, '2024-12-06 08:00:59', NULL, NULL, 63),
	(303, NULL, 45, 49, '', 55, 'Single Leg Deadlift', '', '3', 'B', '8', '-', NULL, '8E', '2A', '', '', '', '', '', ' ', NULL, '2024-12-06 08:00:59', NULL, NULL, 63),
	(304, NULL, 45, 49, '', 371, 'Short Stance Split Squat', '', '3', 'B', '-', '60"', NULL, '8E', '2B', '', '', '', '', '', '', NULL, '2024-12-06 08:00:59', NULL, NULL, 63),
	(305, NULL, 45, 50, '', 61, 'Trap Bar Deadlift w/ Straps', '', '4', '401', '20', '- ', NULL, '8', '1A', '', '', '', '', '', '', NULL, '2024-12-06 08:12:13', NULL, NULL, 64),
	(306, NULL, 45, 50, '', 119, 'Box Jump', '', '4', '-', '18"', '- ', NULL, '4', '1B', '', '', '', '', '', '', NULL, '2024-12-06 08:12:13', NULL, NULL, 64),
	(307, NULL, 45, 50, '', 266, 'Dumbbell Floor Press', '', '4', '201', '12E', '- ', NULL, '12', '1C', '', '', '', '', '', '', NULL, '2024-12-06 08:12:13', NULL, NULL, 64),
	(308, NULL, 45, 50, '', 98, 'Supine Heavy Ball Chest Pass', '', '4', '-', '2', '60" ', NULL, '20', '1D', '', '', '', '', '', '', NULL, '2024-12-06 08:12:13', NULL, NULL, 64),
	(309, NULL, 45, 50, '', 343, 'FFE Split Squat Iso. Hold | SA', '', '3', '-', '-', '- ', NULL, '35"E', '2A', '', '', '', '', '', '', NULL, '2024-12-06 08:12:13', NULL, NULL, 64),
	(310, NULL, 45, 50, '', 229, 'Neutral Grip Pull Up Iso. Hold', '', '3', '-', '-', '20"|60"', NULL, '2|8"', '2B', '', '', '', '', '', '', NULL, '2024-12-06 08:12:13', NULL, NULL, 64),
	(311, '2024-12-09 10:00:00', 41, 53, '', 437, 'CAMPS Advance', NULL, NULL, NULL, NULL, NULL, NULL, NULL, NULL, NULL, NULL, NULL, NULL, NULL, NULL, '2024-12-08 21:17:44', '2024-12-08 21:17:44', 2, NULL, 68),
	(312, NULL, 45, 51, '', 493, 'Open Step Side to Side (Rhythm)', NULL, '1', '-', '10', '60"', NULL, '10E', NULL, '1', '2', '3', '4', '5', '6', '2025-01-07 09:30:09', '2024-12-08 23:33:07', NULL, 3, 65),
	(313, NULL, 45, 51, '', 498, 'Side to Side | Open Step (Power)', 'I', '2', '-', '10', '60"', NULL, '4E', '2', '', '', '', '', '', '', '2025-01-07 09:03:19', '2024-12-08 23:33:07', NULL, 3, 65),
	(314, NULL, 45, 51, '', 61, 'Trap Bar Deadlift', '', '3', '-', '*', '-', NULL, '4', '3A', '45', '', '', '', '', '', NULL, '2024-12-08 23:33:07', NULL, NULL, 65),
	(315, NULL, 45, 51, '', 119, 'Box Jump', 'I', '3', '-', '18"', '60"', NULL, '4', '3B', '', '', '', '', '', '', '2025-01-07 11:22:30', '2024-12-08 23:33:07', NULL, 3, 65),
	(316, NULL, 45, 51, '', 268, 'SA Dumbbell Floor Press', '', '3', '201', '*', '-', NULL, '*', '4A', '10E|12', '8E|15', '6E|17', '8E|17', '', '', NULL, '2024-12-08 23:33:07', NULL, NULL, 65),
	(317, NULL, 45, 51, '', 232, 'Suspension Row', 'I', '1', '3', '4', '5', NULL, '2', '4B', '0', '0', '0', '0', '0', '1', '2025-01-07 09:03:14', '2024-12-08 23:33:07', NULL, 3, 65),
	(318, NULL, 45, 51, '', 8, 'Hooklying Low Reach', '', '1', NULL, NULL, NULL, 'Y', NULL, '4C', NULL, NULL, NULL, NULL, NULL, NULL, '2025-01-07 11:22:15', '2024-12-08 23:33:07', NULL, 3, 65),
	(319, NULL, 45, 52, '', 82, 'Heavy Ball Chest Pass | Rhythm', '', '2', '-', '2', '-', NULL, '20', '1A', '', '', '', '', '', '', NULL, '2024-12-08 23:33:48', NULL, NULL, 66),
	(320, NULL, 45, 52, '', 435, 'Heavy Ball Chest Pass | Power', '', '2', '-', '2', '-', NULL, '10', '1B', '', '', '', '', '', '', NULL, '2024-12-08 23:33:48', NULL, NULL, 66),
	(321, NULL, 45, 52, '', 98, 'Supine Heavy Ball Chest Pass', '', '2', '-', '2', '60"', NULL, '20', '1C', '', '', '', '', '', '', NULL, '2024-12-08 23:33:48', NULL, NULL, 66),
	(322, NULL, 45, 52, '', 296, 'Landmine Press | H', '', '1', '401', '20', '-', NULL, '8', 'ii', '', '', '', '', '', '', NULL, '2024-12-08 23:33:48', NULL, NULL, 66),
	(323, NULL, 45, 52, '', 199, 'Chest Supported DB Row Iso. Hold', '', '3', '-', '7E', '60"', NULL, '45"', '2A', '', '', '', '', '', '', NULL, '2024-12-08 23:33:48', NULL, NULL, 66),
	(324, NULL, 45, 52, '', 296, 'Landmine Press/Punch | H', '', '2', '401/-', '20', '-', NULL, '4/4', '2B', '', '', '', '', '', '', NULL, '2024-12-08 23:33:48', NULL, NULL, 66),
	(325, NULL, 45, 52, '', 232, 'TRX Row', '', '3', '211', '1 b.', '-', NULL, '2|4', '3A', '', '', '', '', '', '', NULL, '2024-12-08 23:33:48', NULL, NULL, 66),
	(326, NULL, 45, 52, '', 307, 'High Plank', '', '3', 'B', '-', '60"', NULL, '45"', '3B', '', '', '', '', '', '', NULL, '2024-12-08 23:33:48', NULL, NULL, 66),
	(327, NULL, 0, 0, '', 0, '', '', '', '', '', '', NULL, '', '', '', '', '', '', '', '', NULL, '2024-12-08 23:34:30', NULL, NULL, 0),
	(328, NULL, 45, 52, '', 493, 'Side to Side | Open Step 45° (Rhythm)', '', '1', '-', '6', '60"', NULL, '*', '1', '', '', '', '', '', '', NULL, '2024-12-08 23:34:30', NULL, NULL, 67),
	(329, NULL, 45, 52, '', 498, 'Side to Side | Open Step 45° (Power)', '', '2', '-', '6', '60"', NULL, '*', '2', '', '', '', '', '', '', NULL, '2024-12-08 23:34:30', NULL, NULL, 67),
	(330, NULL, 45, 52, '', 61, 'Trap Bar Deadlift (Strap)', '', '3', '-', '*', '-', NULL, '4', '3A', '45', '55', '', '', '', '', NULL, '2024-12-08 23:34:30', NULL, NULL, 67),
	(331, NULL, 45, 52, '', 119, 'Box Jump', '', '3', '-', '18"', '60"', NULL, '4', '3B', '', '', '', '', '', '', NULL, '2024-12-08 23:34:30', NULL, NULL, 67),
	(332, NULL, 45, 52, '', 335, 'Goblet Squat', '', '3', '331', '*', '-', NULL, '5', '4A', '20', '30', '35', '', '', '', NULL, '2024-12-08 23:34:30', NULL, NULL, 67),
	(333, NULL, 45, 52, '', 373, 'Single Leg Calf Raise', '', '3', '211', '-', '60"', NULL, '20E', '4B', '', '', '', '', '', '', NULL, '2024-12-08 23:34:30', NULL, NULL, 67),
	(334, NULL, 45, 52, '', 268, 'Single Arm Dumbbell Floor Press', '', '4', '201', '*', '-', NULL, '*', '2A', '12E|10', '10E|12', '8E|15', '6E|17', '', '', NULL, '2024-12-10 05:07:49', NULL, NULL, 69),
	(335, NULL, 45, 52, '', 0, 'Bench Supported Three Point Row', '', '4', '211', '*', '-', NULL, '*', '2B', '12E|20', '12E|25', '8E|30', '', '', '', NULL, '2024-12-10 05:07:49', NULL, NULL, 69),
	(336, NULL, 45, 52, '', 342, 'FFE Split Squat', '', '4', '401', '*', '60"', NULL, '*', '3A', '8E|12', '6E|17', '4E|22', '', '', '', NULL, '2024-12-10 05:07:49', NULL, NULL, 69),
	(337, NULL, 45, 52, '', 8, 'Hooklying Low Reach', '', '3', '-', '*', '60"', NULL, '60"', '3B', '-', 'SA', '', '', '', '', NULL, '2024-12-10 05:07:49', NULL, NULL, 69),
	(338, NULL, 45, 54, '', 343, 'FFE Split Squat Iso. Hold', '', '3', '-', '*', '-', NULL, '35"E', '1A', '-', '15', '20', '', '', '', NULL, '2024-12-10 05:08:25', NULL, NULL, 70),
	(339, NULL, 45, 54, '', 124, 'Box Split Jump', '', '3', '-', '18"', '-', NULL, '4E', '1B', '', '', '', '', '', '', NULL, '2024-12-10 05:08:25', NULL, NULL, 70),
	(340, NULL, 45, 54, '', 266, 'Dumbbell Floor Press', '', '3', '201', '12E', '-', NULL, '*', '1C', '12|15E', '10|17E', '', '', '', '', NULL, '2024-12-10 05:08:25', NULL, NULL, 70),
	(341, NULL, 45, 54, '', 98, 'Supine Heavy Ball Chest Pass', '', '3', '-', '2', '60"', NULL, '20', '1D', '', '', '', '', '', '', NULL, '2024-12-10 05:08:25', NULL, NULL, 70),
	(342, NULL, 45, 54, '', 199, 'Chest Supported DB Row Iso. Hold', '', '3', '-', '-', '-', NULL, '45"', '2A', '12E', '15E', '', '', '', '', NULL, '2024-12-10 05:08:25', NULL, NULL, 70),
	(343, NULL, 45, 54, '', 4, 'Reverse Plank March | SA', '', '3', '050', '12"', '60"', NULL, '4E', '2B', '', '', '', '', '', '', NULL, '2024-12-10 05:08:25', NULL, NULL, 70),
	(344, NULL, 45, 55, '', 82, 'Heavy Ball Chest Pass | Rhythm', '', '3', '-', '2', '-', NULL, '20', '1A', '', '', '', '', '', '', NULL, '2024-12-10 05:09:11', NULL, NULL, 71),
	(345, NULL, 45, 55, '', 435, 'Heavy Ball Chest Pass | Power', '', '3', '-', '2', '-', NULL, '10', '1B', '', '', '', '', '', '', NULL, '2024-12-10 05:09:11', NULL, NULL, 71),
	(346, NULL, 45, 55, '', 411, 'Prowler Sprint', '', '3', '-', '-', '60"', NULL, '1E', '1C', '', '', '', '', '', '', NULL, '2024-12-10 05:09:11', NULL, NULL, 71),
	(347, NULL, 45, 55, '', 296, 'Landmine Press', '', '1', '401', '20', '-', NULL, '8E', 'ii', '', '', '', '', '', '', NULL, '2024-12-10 05:09:11', NULL, NULL, 71),
	(348, NULL, 45, 55, '', 371, 'Short Stance Split Squat', '', '3', '401', '*', '60"', NULL, '6E', '2A', '-', '12', '15', '', '', '', NULL, '2024-12-10 05:09:11', NULL, NULL, 71),
	(349, NULL, 45, 55, '', 296, 'Landmine Press/Punch', '', '2', '401/-', '20', '-', NULL, '4E/4E', '2B', '', '', '', '', '', '', NULL, '2024-12-10 05:09:11', NULL, NULL, 71),
	(350, NULL, 45, 55, '', 229, 'Neutral Grip Pull Up Iso. Hold', '', '3', 'B', '-', '60"', NULL, '2|10"', '3A', '', '', '', '', '', '', NULL, '2024-12-10 05:09:11', NULL, NULL, 71),
	(351, NULL, 45, 55, '', 43, 'Kettlebell Deadlift', '', '1', '401', '20', '60"', NULL, '8', '3B1', '', '', '', '', '', '', NULL, '2024-12-10 05:09:11', NULL, NULL, 71),
	(352, NULL, 45, 56, '', 371, 'Short Stance Split Squat', '', '3', '401', '*', '-', NULL, '8E', '1A', '3,2,1 p.', '12', '15', '', '', '', NULL, '2024-12-10 05:09:48', NULL, NULL, 72),
	(353, NULL, 45, 56, '', 280, 'Incline Push Up', '', '3', '331', 'no. 4', '-', NULL, '5', '1B', '', '', '', '', '', '', NULL, '2024-12-10 05:09:48', NULL, NULL, 72),
	(354, NULL, 45, 56, '', 244, 'Plyo Push Up | Band Assisted', '', '3', '-', '2 g.', '60"', NULL, '20', '1C', '', '', '', '', '', '', NULL, '2024-12-10 05:09:48', NULL, NULL, 72),
	(355, NULL, 45, 56, '', 232, 'TRX Row', '', '3', '211', '1.2 b', '-', NULL, '2|5', '2A', '', '', '', '', '', '', NULL, '2024-12-10 05:09:48', NULL, NULL, 72),
	(356, NULL, 45, 56, '', 8, 'Hooklying Low Reach', '', '3', 'B', '*', '60"', NULL, '60"', '2B', '-', 'SA', '', '', '', '', NULL, '2024-12-10 05:09:48', NULL, NULL, 72),
	(357, NULL, 45, 57, '', 501, 'CAMPS | Short', '', '', '', '', '', NULL, '', '', '', '', '', '', '', '', NULL, '2024-12-10 05:10:22', NULL, NULL, 74),
	(358, NULL, 45, 57, '', 345, 'FFE Split Squat Iso. Hold | SA', '', '3', '-', '-', '-', NULL, '35"E', '1A', '', '', '', '', '', '', NULL, '2024-12-10 05:10:22', NULL, NULL, 74),
	(359, NULL, 45, 57, '', 266, 'Dumbbell Floor Press', '', '3', '201', '*', '60"', NULL, '12', '1B', '10E', '15E', '', '', '', '', NULL, '2024-12-10 05:10:22', NULL, NULL, 74),
	(360, NULL, 45, 57, '', 234, 'TRX Row Iso. Hold', '', '1', '-', '1 b.', '-', NULL, '45"', 'iii', '', '', '', '', '', '', NULL, '2024-12-10 05:10:22', NULL, NULL, 74),
	(361, NULL, 45, 57, '', 232, 'TRX Row', '', '2', '211', '1 b.', '-', NULL, '2|6', '3A', '', '', '', '', '', '', NULL, '2024-12-10 05:10:22', NULL, NULL, 74),
	(362, NULL, 45, 57, '', 8, 'Hooklying Low Reach', '', '3', '-', '*', '60"', NULL, '60"', '3B', '-', 'SA', '', '', '', '', NULL, '2024-12-10 05:10:22', NULL, NULL, 74),
	(363, NULL, 45, 58, '', 437, 'CAMPS | Advance', '', '', '', '', '', NULL, '', '', '', '', '', '', '', '', NULL, '2024-12-10 05:11:00', NULL, NULL, 75),
	(364, NULL, 45, 58, '', 93, 'Ball Slam', '', '2', '-', '2', '-', NULL, '4', '1A', '', '', '', '', '', '', NULL, '2024-12-10 05:11:00', NULL, NULL, 75),
	(365, NULL, 45, 58, '', 119, 'Box Jump', '', '2', '-', '12"', '-', NULL, '4', '1B', '', '', '', '', '', '', NULL, '2024-12-10 05:11:00', NULL, NULL, 75),
	(366, NULL, 45, 58, '', 124, 'Box Split Jump', '', '2', '-', '12"', '60"', NULL, '4E', '1C', '', '', '', '', '', '', NULL, '2024-12-10 05:11:00', NULL, NULL, 75),
	(367, NULL, 45, 58, '', 343, 'FFE Split Squat Iso. Hold', '', '1', '-', '-', '60"', NULL, '35"E', 'ii', '', '', '', '', '', '', NULL, '2024-12-10 05:11:00', NULL, NULL, 75),
	(368, NULL, 45, 58, '', 268, 'Single Arm Dumbbell Floor Press', '', '3', '201', '*', '-', NULL, '*', '2A', '12E|12', '10E|15', '8E|17*', '', '', '', NULL, '2024-12-10 05:11:00', NULL, NULL, 75),
	(369, NULL, 45, 58, '', 342, 'FFE Split Squat', '', '2', '401', '*', '60"', NULL, '8E', '2B', '15', '25', '', '', '', '', NULL, '2024-12-10 05:11:00', NULL, NULL, 75),
	(370, NULL, 45, 58, '', 234, 'TRX Row Iso. Hold', '', '1', '-', '1.2 b.', '-', NULL, '2|25"', 'iii', '', '', '', '', '', '', NULL, '2024-12-10 05:11:00', NULL, NULL, 75),
	(371, NULL, 45, 58, '', 55, 'Single Leg Deadlift', '', '3', '401', '*', '60"', NULL, '8E', '3A', '8', '12', '', '', '', '', NULL, '2024-12-10 05:12:04', NULL, NULL, 75),
	(372, NULL, 45, 58, '', 232, 'TRX Row', '', '2', '211', '1.2 b.', '10\'', NULL, '3|4', '3B', '', '', '', '', '', '', NULL, '2024-12-10 05:12:04', NULL, NULL, 75),
	(373, NULL, 45, 59, '', 437, 'CAMPS | Advance', '', '', '', '', '', NULL, '', '', '', '', '', '', '', '', NULL, '2024-12-10 05:12:56', NULL, NULL, 76),
	(374, NULL, 45, 59, '', 93, 'Ball Slam', '', '2', '-', '2', '-', NULL, '4', '1A', '', '', '', '', '', '', NULL, '2024-12-10 05:12:56', NULL, NULL, 76),
	(375, NULL, 45, 59, '', 124, 'Box Split Jump', '', '2', '-', '12"', '-', NULL, '4E', '1B', '', '', '', '', '', '', NULL, '2024-12-10 05:12:56', NULL, NULL, 76),
	(376, NULL, 45, 59, '', 118, 'Box Hop', '', '2', '-', '6"', '60"', NULL, '4E', '1C', '', '', '', '', '', '', NULL, '2024-12-10 05:12:56', NULL, NULL, 76),
	(377, NULL, 45, 59, '', 376, 'Single Leg Squat to Box', '', '3', '401', '*', '-', NULL, '6E', '2A', '2,1,- p.', '-', '', '', '', '', NULL, '2024-12-10 05:12:56', NULL, NULL, 76),
	(378, NULL, 45, 59, '', 280, 'Incline Push Up', '', '3', '331', '*', '60"', NULL, '2|4', '2B', 'no 6.', 'no 4.', '', '', '', '', NULL, '2024-12-10 05:12:56', NULL, NULL, 76),
	(379, NULL, 45, 59, '', 198, 'Chest Supported Dumbbell Row', '', '3', '211', '*', '-', NULL, '8', '3A', '12E', '15E', '17E', '', '', '', NULL, '2024-12-10 05:12:56', NULL, NULL, 76),
	(380, NULL, 45, 59, '', 10, 'Hooklying Low Reach | SA (Assisted)', '', '3', '-', '*', '60"', NULL, '*', '3B', '60"|B', '35"E|SL', '', '', '', '', NULL, '2024-12-10 05:12:56', NULL, NULL, 76),
	(381, NULL, 45, 60, '', 437, 'CAMPS | Advance', '', '', '', '', '', NULL, '', '', '', '', '', '', '', '', NULL, '2024-12-10 05:13:33', NULL, NULL, 77),
	(382, NULL, 45, 60, '', 484, 'Prowler Push*', '', '4', '-', '*', '15"', NULL, '1E', '1', '5', '10', '15', '20', '', '', NULL, '2024-12-10 05:13:33', NULL, NULL, 77),
	(383, NULL, 45, 60, '', 367, 'RFE Split Squat Iso. Hold', '', '3', '-', '-', '60"', NULL, '35"E', '2', '', '', '', '', '', '', NULL, '2024-12-10 05:13:33', NULL, NULL, 77),
	(384, NULL, 45, 60, '', 234, 'TRX Row Iso. Hold', '', '1', '-', '1 b.', '-', NULL, '2|30"', 'iii', '', '', '', '', '', '', NULL, '2024-12-10 05:13:33', NULL, NULL, 77),
	(385, NULL, 45, 60, '', 268, 'Single Arm Dumbbell Floor Press', '', '3', '201', '*', '-', NULL, '10E', '3A', '12E', '15E', '17E', '', '', '', NULL, '2024-12-10 05:13:33', NULL, NULL, 77),
	(386, NULL, 45, 60, '', 43, 'Kettlebell Deadlift', '', '3', '401', '*', '', NULL, '8', '3B', '20', '', '', '', '', '', NULL, '2024-12-10 05:13:33', NULL, NULL, 77),
	(387, NULL, 45, 60, '', 232, 'TRX Row', '', '2', '211', '1 b.', '-', NULL, '2|6', '3C', '', '', '', '', '', '', NULL, '2024-12-10 05:13:33', NULL, NULL, 77),
	(388, NULL, 45, 61, '', 437, 'CAMPS | Advance', '', '', '', '', '', NULL, '', '', '', '', '', '', '', '', NULL, '2024-12-10 05:14:03', NULL, NULL, 78),
	(389, NULL, 45, 61, '', 93, 'Ball Slam', '', '2', '-', '2', '-', NULL, '4', '1A', '', '', '', '', '', '', NULL, '2024-12-10 05:14:03', NULL, NULL, 78),
	(390, NULL, 45, 61, '', 124, 'Box Split Jump', '', '2', '-', '12"', '-', NULL, '4E', '1B', '', '', '', '', '', '', NULL, '2024-12-10 05:14:03', NULL, NULL, 78),
	(391, NULL, 45, 61, '', 376, 'Single Leg Squat to Box', '', '3', '401', '*', '-', NULL, '8E', '2A', '2,1,- p.', '-', '', '', '', '', NULL, '2024-12-10 05:14:03', NULL, NULL, 78),
	(392, NULL, 45, 61, '', 280, 'Incline Push Up', '', '3', '331', '*', '60"', NULL, '2|4', '2B', 'no 4.', '-', '', '', '', '', NULL, '2024-12-10 05:14:03', NULL, NULL, 78),
	(393, NULL, 45, 61, '', 198, 'Chest Supported Dumbbell Row', '', '3', '211', '*', '-', NULL, '10', '3A', '15E', '17E', '', '', '', '', NULL, '2024-12-10 05:14:03', NULL, NULL, 78),
	(394, NULL, 45, 61, '', 10, 'Hooklying Low Reach | Midfoot', '', '3', '-', '*', '60"', NULL, '*', '3B', '60"|B', '', '', '', '', '', NULL, '2024-12-10 05:14:03', NULL, NULL, 78),
	(395, NULL, 45, 62, '', 437, 'CAMPS | Advance', '', '', '', '', '', NULL, '', '', '', '', '', '', '', '', NULL, '2024-12-10 05:14:34', NULL, NULL, 79),
	(396, NULL, 45, 62, '', 484, 'Prowler Push*', '', '4', '-', '*', '15"', NULL, '1E', '1', '10', '15', '20', '25', '', '', NULL, '2024-12-10 05:14:34', NULL, NULL, 79),
	(397, NULL, 45, 62, '', 367, 'RFE Split Squat Iso. Hold | Ipsilateral', '', '3', '-', '-', '60"', NULL, '35"E', '2', '-', '8', '12', '', '', '', NULL, '2024-12-10 05:14:34', NULL, NULL, 79),
	(398, NULL, 45, 62, '', 234, 'TRX Row Iso. Hold', '', '1', '-', '-', '-', NULL, '2|20"', 'iii', '', '', '', '', '', '', NULL, '2024-12-10 05:14:34', NULL, NULL, 79),
	(399, NULL, 45, 62, '', 268, 'Single Arm Dumbbell Floor Press', '', '3', '201', '*', '-', NULL, '12E', '3A', '12E', '15E', '17E', '', '', '', NULL, '2024-12-10 05:14:34', NULL, NULL, 79),
	(400, NULL, 45, 62, '', 43, 'Kettlebell Deadlift | Block 5,4,3,2*', '', '3', '401', '*', '60"', NULL, '8', '3B', '20', '32', '', '', '', '', NULL, '2024-12-10 05:14:34', NULL, NULL, 79),
	(401, NULL, 45, 62, '', 232, 'TRX Row', '', '2', '211', '-', '-', NULL, '2|4', '3C', '1.2 b.', '', '', '', '', '', NULL, '2024-12-10 05:14:34', NULL, NULL, 79),
	(402, NULL, 45, 63, '', 437, 'CAMPS | Advance', '', '', '', '', '', NULL, '', '', '', '', '', '', '', '', NULL, '2024-12-10 05:15:19', NULL, NULL, 80),
	(403, NULL, 45, 63, '', 93, 'Ball Slam', '', '2', '-', '2', '-', NULL, '4', '1A', '', '', '', '', '', '', NULL, '2024-12-10 05:15:19', NULL, NULL, 80),
	(404, NULL, 45, 63, '', 124, 'Box Split Jump', '', '2', '-', '12"', '-', NULL, '4E', '1B', '', '', '', '', '', '', NULL, '2024-12-10 05:15:19', NULL, NULL, 80),
	(405, NULL, 45, 63, '', 118, 'Box Hop*', '', '2', '-', '6"', '60"', NULL, '4E', '1C', '', '', '', '', '', '', NULL, '2024-12-10 05:15:19', NULL, NULL, 80),
	(406, NULL, 45, 63, '', 376, 'Single Leg Squat to Box', '', '1', '401', '*', '-', NULL, '6E', '2A1', '2,1,- p.', '-', '', '', '', '', NULL, '2024-12-10 05:15:19', NULL, NULL, 80),
	(407, NULL, 45, 63, '', 377, 'Skater Squat', '', '2', '401', '*', '', NULL, '6E', '2A2', '3 p.', '', '', '', '', '', NULL, '2024-12-10 05:15:19', NULL, NULL, 80),
	(408, NULL, 45, 63, '', 280, 'Incline Push Up', '', '1', '331', 'no 4.', '', NULL, '5', '2B1', '', '', '', '', '', '', NULL, '2024-12-10 05:15:19', NULL, NULL, 80),
	(409, NULL, 45, 63, '', 492, 'Incline Push Up Iso Hold', '', '2', '-', 'no 6.', '60"', NULL, '45"', '2B2', '', '', '', '', '', '', NULL, '2024-12-10 05:15:19', NULL, NULL, 80),
	(410, NULL, 45, 63, '', 198, 'Chest Supported Dumbbell Row', '', '3', '211', '*', '-', NULL, '12', '3A', '15E', '17E', '10|17E', '', '', '', NULL, '2024-12-10 05:15:19', NULL, NULL, 80),
	(411, NULL, 45, 63, '', 10, 'Hooklying Low Reach | SA Assisted', '', '3', '-', '*', '60"', NULL, '*', '3B', '60"|B', '35"E|SL', '', '', '', '', NULL, '2024-12-10 05:15:19', NULL, NULL, 80),
	(412, NULL, 48, 64, '', 483, 'CAMPS | Back Buttkick (Reflex)', '', '', '', '', '', NULL, '', '', '', '', '', '', '', '', NULL, '2024-12-10 06:32:10', NULL, NULL, 81),
	(413, NULL, 48, 64, '', 422, 'Supine Plank', '', '1', 'B', '-', '-', NULL, '3', 'i', '', '', '', '', '', '', NULL, '2024-12-10 06:32:10', NULL, NULL, 81),
	(414, NULL, 48, 64, '', 249, 'Bear Plank', '', '3', 'B', '-', '-', NULL, '45"', '1A', '', '', '', '', '', '', NULL, '2024-12-10 06:32:10', NULL, NULL, 81),
	(415, NULL, 48, 64, '', 335, 'Goblet Squat', '', '3', '331', '*', '60"', NULL, '2|4', '1B', '10', '12', '15', '17', '20', '', NULL, '2024-12-10 06:32:10', NULL, NULL, 81),
	(416, NULL, 48, 64, '', 234, 'TRX Row Iso. Hold', '', '3', '-', '1 b.', '60"', NULL, '45"', '2A', '', '', '', '', '', '', NULL, '2024-12-10 06:32:10', NULL, NULL, 81),
	(417, NULL, 48, 65, '', 439, 'CAMPS | Back Buttkick (Rhythm)', '', '', '', '', '', NULL, '', '', '', '', '', '', '', '', NULL, '2024-12-10 06:33:05', NULL, NULL, 82),
	(418, NULL, 48, 65, '', 82, 'Heavy Ball Chest Pass (Rhythm)', '', '2', '-', '2', '-', NULL, '20', '1A', '', '', '', '', '', '', NULL, '2024-12-10 06:33:05', NULL, NULL, 82),
	(419, NULL, 48, 65, '', 435, 'Heavy Ball Chest Pass (Power)', '', '2', '-', '2', '60"', NULL, '10', '1B', '', '', '', '', '', '', NULL, '2024-12-10 06:33:05', NULL, NULL, 82),
	(420, NULL, 48, 65, '', 343, 'FFE Split Squat Iso. Hold', '', '3', '-', '-', '-', NULL, '35"E', '2A', '10', '', '', '', '', '', NULL, '2024-12-10 06:33:05', NULL, NULL, 82),
	(421, NULL, 48, 65, '', 307, 'High Plank', '', '3', 'B', '-', '60"', NULL, '45"', '2B', '', '', '', '', '', '', NULL, '2024-12-10 06:33:05', NULL, NULL, 82),
	(422, NULL, 48, 65, '', 234, 'TRX Row Iso. Hold', '', '3', '-', '1 b.', '-', NULL, '50"', '3A', '', '', '', '', '', '', NULL, '2024-12-10 06:33:05', NULL, NULL, 82),
	(423, NULL, 48, 65, '', 56, 'Single Leg Turn', '', '3', 'B', '-', '60"', NULL, '2|4E', '3B', '', '', '', '', '', '', NULL, '2024-12-10 06:33:05', NULL, NULL, 82),
	(424, NULL, 48, 66, '', 438, 'CAMPS | Back Buttkick (Power)', '', '', '', '', '', NULL, '', '', '', '', '', '', '', '', NULL, '2024-12-10 06:33:46', NULL, NULL, 83),
	(425, NULL, 48, 66, '', 93, 'Ball Slam', '', '2', '-', '2', '-', NULL, '4', '1A', '', '', '', '', '', '', NULL, '2024-12-10 06:33:46', NULL, NULL, 83),
	(426, NULL, 48, 66, '', 119, 'Box Jump', '', '2', '-', '*', '60"', NULL, '4', '1B', '6"', '12"', '', '', '', '', NULL, '2024-12-10 06:33:46', NULL, NULL, 83),
	(427, NULL, 48, 66, '', 335, 'Goblet Squat', '', '3', '401', '*', '-', NULL, '*', '2A', '12|15', '2,4|22', '2,4|25', '', '', '', NULL, '2024-12-10 06:33:46', NULL, NULL, 83),
	(428, NULL, 48, 66, '', 261, 'Alt. Dumbbell Floor Press', '', '3', '201', '*', '60"', NULL, '*', '2B', '12E|10E', '8E|12E', '8E|15E', '', '', '', NULL, '2024-12-10 06:33:46', NULL, NULL, 83),
	(429, NULL, 48, 66, '', 234, 'TRX Row Iso. Hold', '', '1', '-', '1 b.', '-', NULL, '55"', 'iii', '', '', '', '', '', '', NULL, '2024-12-10 06:33:46', NULL, NULL, 83),
	(430, NULL, 48, 66, '', 232, 'TRX Row', '', '2', '211', '1 b.', '-', NULL, '2|4', '3A', '', '', '', '', '', '', NULL, '2024-12-10 06:33:46', NULL, NULL, 83),
	(431, NULL, 48, 66, '', 8, 'Hooklyimg Low Reach', '', '3', '-', '-', '60"', NULL, '60"', '3B', '', '', '', '', '', '', NULL, '2024-12-10 06:33:46', NULL, NULL, 83),
	(432, NULL, 48, 67, '', 440, 'CAMPS | Hip Rotate (Power)', '', '', '', '', '', NULL, '', '', '', '', '', '', '', '', NULL, '2024-12-10 06:34:42', NULL, NULL, 84),
	(433, NULL, 48, 67, '', 484, 'Prowler Push', '', '4', '-', '-', '-', NULL, '1E', '1A', '0', '10', '20', '', '', '', NULL, '2024-12-10 06:34:42', NULL, NULL, 84),
	(434, NULL, 48, 67, '', 435, 'Heavy Ball Chest Pass (Power)', '', '4', '-', '2', '60"', NULL, '10', '1B', '', '', '', '', '', '', NULL, '2024-12-10 06:34:42', NULL, NULL, 84),
	(435, NULL, 48, 67, '', 343, 'FFE Split Squat Iso. Hold', '', '3', '-', '-', '-', NULL, '35"E', '2A', '-', '10', '12', '', '', '', NULL, '2024-12-10 06:34:42', NULL, NULL, 84),
	(436, NULL, 48, 67, '', 307, 'High Plank', '', '1', 'B', '-', '60"', NULL, '45"', '2B1', '', '', '', '', '', '', NULL, '2024-12-10 06:34:42', NULL, NULL, 84),
	(437, NULL, 48, 67, '', 280, 'Incline Push Up', '', '2', '331', '*', '60"', NULL, '2|4', '2B2', 'no. 8', 'no. 6', '', '', '', '', NULL, '2024-12-10 06:34:42', NULL, NULL, 84),
	(438, NULL, 48, 67, '', 234, 'TRX Row Iso. Hold', '', '1', '-', '1 b.', '-', NULL, '60"', 'iii', '', '', '', '', '', '', NULL, '2024-12-10 06:34:42', NULL, NULL, 84),
	(439, NULL, 48, 67, '', 229, 'Neutral Grip Pull Up Iso. Hold', '', '2', 'B', '-', '-', NULL, '16"', '3A', '20"', '', '', '', '', '', NULL, '2024-12-10 06:34:42', NULL, NULL, 84),
	(440, NULL, 48, 67, '', 56, 'Single Leg Turn', '', '3', 'B', '-', '60"', NULL, '2|4E', '3B', '', '', '', '', '', '', NULL, '2024-12-10 06:34:42', NULL, NULL, 84),
	(441, NULL, 48, 68, '', 443, 'CAMPS | Lateral Squat', '', '', '', '', '', NULL, '', '', '', '', '', '', '', '', NULL, '2024-12-10 06:35:58', NULL, NULL, 85),
	(442, NULL, 48, 68, '', 149, 'Side to Side | Open Step', '', '2', '-', '2', '60"', NULL, '20E', '1', '', '', '', '', '', '', NULL, '2024-12-10 06:35:58', NULL, NULL, 85),
	(443, NULL, 48, 68, '', 149, 'Side to Side | Open Step', '', '4\'', '-', '2', '15"', NULL, '15"', 'C', '', '', '', '', '', '', NULL, '2024-12-10 06:35:58', NULL, NULL, 85),
	(444, NULL, 48, 68, '', 335, 'Goblet Squat', '', '3', '401', '*', '-', NULL, '*', '2A', '12|15', '2,4|27', '2,4|30', '', '', '', NULL, '2024-12-10 06:35:58', NULL, NULL, 85),
	(445, NULL, 48, 68, '', 261, 'Alt. Dumbbell Floor Press', '', '3', '201', '*', '60"', NULL, '*', '2B', '12E|10E', '9E|15E', '', '', '', '', NULL, '2024-12-10 06:35:58', NULL, NULL, 85),
	(446, NULL, 48, 68, '', 198, 'Chest Supported Dumbbell Row', '', '3', '211', '*', '-', NULL, '*', '3A', '12|10E', '8|15E', '8|17E', '', '', '', NULL, '2024-12-10 06:35:58', NULL, NULL, 85),
	(447, NULL, 48, 68, '', 8, 'Hooklying Low Reach', '', '3', '-', '*', '60"', NULL, '60"', '3B', '-', 'SA', '', '', '', '', NULL, '2024-12-10 06:35:58', NULL, NULL, 85),
	(448, NULL, 48, 69, '', 443, 'CAMPS | Lateral Squat', '', '', '', '', '', NULL, '', '', '', '', '', '', '', '', NULL, '2024-12-10 06:36:38', NULL, NULL, 86),
	(449, NULL, 48, 69, '', 484, 'Prowler Push', '', '4', '-', '*', '60"', NULL, '1E', '1', '0', '10', '20', '20', '', '', NULL, '2024-12-10 06:36:38', NULL, NULL, 86),
	(450, NULL, 48, 69, '', 335, 'Goblet Squat', '', '3', '401', '*', '-', NULL, '8', '2A', '15', '25', '30', '', '', '', NULL, '2024-12-10 06:36:38', NULL, NULL, 86),
	(451, NULL, 48, 69, '', 261, 'Alt. Dumbbell Floor Press', '', '3', '201', '*', '60"', NULL, '4|2E', '2B', '10E', '15E', '', '', '', '', NULL, '2024-12-10 06:36:38', NULL, NULL, 86),
	(452, NULL, 48, 69, '', 234, 'TRX Row Iso. Hold', '', '1', '211', '1 b.', '-', NULL, '*', 'iii', '', '', '', '', '', '', NULL, '2024-12-10 06:36:38', NULL, NULL, 86),
	(453, NULL, 48, 69, '', 232, 'TRX Row', '', '2', '211', '1 b.', '-', NULL, '2|6', '3A', '', '', '', '', '', '', NULL, '2024-12-10 06:36:38', NULL, NULL, 86),
	(454, NULL, 48, 69, '', 8, 'Hooklying Low Reach', '', '3', '-', '*', '60"', NULL, '60"', '3B', '-', 'SA', '', '', '', '', NULL, '2024-12-10 06:36:38', NULL, NULL, 86),
	(455, NULL, 48, 70, '', 437, 'CAMPS | Advance', '', '', '', '', '', NULL, '', '', '', '', '', '', '', '', NULL, '2024-12-10 06:37:36', NULL, NULL, 87),
	(456, NULL, 48, 70, '', 149, 'Side to Side | Open Step', '', '2', '-', '*', '-', NULL, '20E', '1A', '', '', '', '', '', '', NULL, '2024-12-10 06:37:36', NULL, NULL, 87),
	(457, NULL, 48, 70, '', 85, 'Heavy Ball Scoop Pass', '', '2', '-', '2', '-', NULL, '4E', '1B', '', '', '', '', '', '', NULL, '2024-12-10 06:37:36', NULL, NULL, 87),
	(458, NULL, 48, 70, '', 84, 'SS OP | Heavy Ball Scoop Pass', '', '2', '-', '2', '60"', NULL, '4E', '1C', '', '', '', '', '', '', NULL, '2024-12-10 06:37:36', NULL, NULL, 87),
	(459, NULL, 48, 70, '', 84, 'SS OP | Heavy Ball Scoop Pass', '', '4\'', '-', '2', '15"', NULL, '15"', 'C', '', '', '', '', '', '', NULL, '2024-12-10 06:37:36', NULL, NULL, 87),
	(460, NULL, 48, 70, '', 343, 'FFE Split Squat Iso. Hold', '', '3', '-', '*', '-', NULL, '35"E', '2A', '-', '15', '17', '', '', '', NULL, '2024-12-10 06:37:36', NULL, NULL, 87),
	(461, NULL, 48, 70, '', 280, 'Incline Push Up', '', '1', '401', 'no.6|no.4', '-', NULL, '2|4', '2B1', '', '', '', '', '', '', NULL, '2024-12-10 06:37:36', NULL, NULL, 87),
	(462, NULL, 48, 70, '', 492, 'Incline Push Up Iso. Hold', '', '2', '-', 'no.6', '', NULL, '45"', '2B2', '', '', '', '', '', '', NULL, '2024-12-10 06:37:36', NULL, NULL, 87),
	(463, NULL, 48, 70, '', 229, 'Neutral Grip Pull Up Iso. Hold', '', '3', '-', '-', '-', NULL, '*', '3A', '20"', '24"', '', '', '', '', NULL, '2024-12-10 06:37:36', NULL, NULL, 87),
	(464, NULL, 48, 70, '', 3, 'Reverse Plank March', '', '3', '050', '12"', '60"', NULL, '4E', '3B', '', '', '', '', '', '', NULL, '2024-12-10 06:37:36', NULL, NULL, 87),
	(465, NULL, 48, 71, '', 437, 'CAMPS | Advance', '', '', '', '', '', NULL, '', '', '', '', '', '', '', '', NULL, '2024-12-10 06:38:12', NULL, NULL, 88),
	(466, NULL, 48, 71, '', 484, 'Prowler Push', '', '2', '-', '*', '-', NULL, '1E', '1A', '0', '10', '', '', '', '', NULL, '2024-12-10 06:38:12', NULL, NULL, 88),
	(467, NULL, 48, 71, '', 0, 'Prowler Jog (New)', '', '2', '-', '*', '60"', NULL, '1E', '1B', '10', '20', '', '', '', '', NULL, '2024-12-10 06:38:12', NULL, NULL, 88),
	(468, NULL, 48, 71, '', 56, 'Single Leg Squat to Box (New)', '', '3', '401', '*', '-', NULL, '6E', '2A', '2,1,- p', '-', '', '', '', '', NULL, '2024-12-10 06:38:12', NULL, NULL, 88),
	(469, NULL, 48, 71, '', 272, 'LI (2) SA Dumbbell Bench Press (New)', '', '3', '211', '*', '60"', NULL, '10E', '2B', '10', '12', '', '', '', '', NULL, '2024-12-10 06:38:12', NULL, NULL, 88),
	(470, NULL, 48, 71, '', 232, 'TRX Row', '', '1', '211', '1.2 b.', '-', NULL, '8', 'ii', '', '', '', '', '', '', NULL, '2024-12-10 06:38:12', NULL, NULL, 88),
	(471, NULL, 48, 71, '', 43, 'Kettlebell Deadlift (New)', '', '3', '401', '*', '60"', NULL, '8', '3A', '8', '20', '24', '', '', '', NULL, '2024-12-10 06:38:12', NULL, NULL, 88),
	(472, NULL, 48, 71, '', 230, 'TRX Archer Row (New)', '', '2', '211', '1.2 b.', '-', NULL, '6E', '3B', '', '', '', '', '', '', NULL, '2024-12-10 06:38:12', NULL, NULL, 88),
	(473, NULL, 48, 72, '', 441, 'CAMPS | Lateral Complex', '', '', '', '', '', NULL, '', '', '', '', '', '', '', '', NULL, '2024-12-11 03:57:35', NULL, NULL, 89),
	(474, NULL, 48, 72, '', 157, 'Side to Side | Side Step', '', '2', '-', '*', '-', NULL, '20E', '1A', '', '', '', '', '', '', NULL, '2024-12-11 03:57:35', NULL, NULL, 89),
	(475, NULL, 48, 72, '', 85, 'Heavy Ball Scoop Pass', '', '2', '-', '2', '-', NULL, '4E', '1B', '', '', '', '', '', '', NULL, '2024-12-11 03:57:35', NULL, NULL, 89),
	(476, NULL, 48, 72, '', 84, 'SS OP | Heavy Ball Scoop Pass', '', '2', '-', '2', '60"', NULL, '4E', '1C', '', '', '', '', '', '', NULL, '2024-12-11 03:57:35', NULL, NULL, 89),
	(477, NULL, 48, 72, '', 84, 'SS OP | Heavy Ball Scoop Pass', '', '4\'', '-', '2', '15"', NULL, '15"', 'C', '', '', '', '', '', '', NULL, '2024-12-11 03:57:35', NULL, NULL, 89),
	(478, NULL, 48, 72, '', 342, 'FFE Split Squat', '', '3', '201', '*', '60"', NULL, '8E', '2', '15', '20', '22', '', '', '', NULL, '2024-12-11 03:57:35', NULL, NULL, 89),
	(479, NULL, 48, 72, '', 280, 'Incline Push Up', '', '3', '331', '*', '-', NULL, '5', '3A', 'no. 6', 'no.4', '', '', '', '', NULL, '2024-12-11 03:57:35', NULL, NULL, 89),
	(480, NULL, 48, 72, '', 229, 'Neutral Grip Pull Up Iso. Hold', '', '3', '-', '-', '-', NULL, '*', '3B', '20"', '22"', '', '', '', '', NULL, '2024-12-11 03:57:35', NULL, NULL, 89),
	(481, NULL, 48, 72, '', 3, 'Reverse Plank March | SA', '', '3', '050', '12"', '60"', NULL, '4E', '3C', '', '', '', '', '', '', NULL, '2024-12-11 03:57:35', NULL, NULL, 89),
	(482, NULL, 48, 73, '', 437, 'CAMPS | Advance', '', '', '', '', '', NULL, '', '', '', '', '', '', '', '', NULL, '2024-12-11 04:00:07', NULL, NULL, 90),
	(483, NULL, 48, 73, '', 149, 'Side to Side | Open Step', '', '2', '-', '-', '-', NULL, '10E', '1A', '', '', '', '', '', '', NULL, '2024-12-11 04:00:07', NULL, NULL, 90),
	(484, NULL, 48, 73, '', 157, 'Side to Side | Side Step', '', '2', '-', '2', '-', NULL, '10E', '1B', '', '', '', '', '', '', NULL, '2024-12-11 04:00:07', NULL, NULL, 90),
	(485, NULL, 48, 73, '', 84, 'SS OP SS Heavy Ball Scoop Pass', '', '2', '-', '2', '60"', NULL, '10E', '1C', '', '', '', '', '', '', NULL, '2024-12-11 04:00:07', NULL, NULL, 90),
	(486, NULL, 48, 73, '', 84, 'SS OP SS Heavy Ball Scoop Pass', '', '4\'', '-', '2', '15"', NULL, '15"', 'C', '', '', '', '', '', '', NULL, '2024-12-11 04:00:07', NULL, NULL, 90),
	(487, NULL, 48, 73, '', 56, 'Single Leg Squat to Box', '', '3', '401', '*', '-', NULL, '6E', '2A', '2,1,- p', '-', '', '', '', '', NULL, '2024-12-11 04:00:07', NULL, NULL, 90),
	(488, NULL, 48, 73, '', 272, 'LI (2) SA Dumbbell Bench Press', '', '3', '211', '*', '60"', NULL, '10E', '2B', '10', '15', '', '', '', '', NULL, '2024-12-11 04:00:07', NULL, NULL, 90),
	(489, NULL, 48, 73, '', 232, 'TRX Row', '', '1', '211', '1.2 b.', '-', NULL, '8', 'ii', '', '', '', '', '', '', NULL, '2024-12-11 04:00:07', NULL, NULL, 90),
	(490, NULL, 48, 73, '', 43, 'Kettlebell Deadlift', '', '3', '401', '*', '60"', NULL, '8', '3A', '20', '28', '', '', '', '', NULL, '2024-12-11 04:00:07', NULL, NULL, 90),
	(491, NULL, 48, 73, '', 230, 'TRX Archer Row', '', '2', '211', '1.2 b.', '-', NULL, '8E', '3B', '', '', '', '', '', '', NULL, '2024-12-11 04:00:07', NULL, NULL, 90),
	(492, NULL, 48, 74, '', 438, 'CAMPS | Back Buttkick (Power)', '', '', '', '', '', NULL, '', '', '', '', '', '', '', '', NULL, '2024-12-11 04:00:53', NULL, NULL, 91),
	(493, NULL, 48, 74, '', 93, 'Ball Slam', '', '2', '-', '2', '-', NULL, '4', '1A', '', '', '', '', '', '', NULL, '2024-12-11 04:00:53', NULL, NULL, 91),
	(494, NULL, 48, 74, '', 83, 'Fake Ball Slam', '', '2', '-', '2', '60"', NULL, '4E', '1B', '', '', '', '', '', '', NULL, '2024-12-11 04:00:53', NULL, NULL, 91),
	(495, NULL, 48, 74, '', 342, 'FFE Split Squat', '', '3', '201', '*', '60"', NULL, '35"E', '2', '-', '20', '22', '', '', '', NULL, '2024-12-11 04:00:53', NULL, NULL, 91),
	(496, NULL, 48, 74, '', 229, 'Neutral Grip Pull Up Iso. Hold', '', '3', '-', '-', '-', NULL, '*', '3A', '20"', '24"', '', '', '', '', NULL, '2024-12-11 04:00:53', NULL, NULL, 91),
	(497, NULL, 48, 74, '', 280, 'Incline Push Up', '', '3', '331', '*', '-', NULL, '5', '3B', 'no. 6', 'no.4', '6"', '', '', '', NULL, '2024-12-11 04:00:53', NULL, NULL, 91),
	(498, NULL, 48, 74, '', 55, 'Single Leg Deadlift', '', '3', '211', '*', '60"', NULL, '8E', '3C', 'Ast', '8', '', '', '', '', NULL, '2024-12-11 04:00:53', NULL, NULL, 91),
	(499, NULL, 48, 74, '', 484, 'Prowler Push | Breathe From Nose', '', '4', '-', '10', '15"', NULL, '1E', 'C', '', '', '', '', '', '', NULL, '2024-12-11 04:00:53', NULL, NULL, 91),
	(500, NULL, 48, 75, '', 441, 'CAMPS | Lateral Complex', '', '', '', '', '', NULL, '', '', '', '', '', '', '', '', NULL, '2024-12-11 04:01:30', NULL, NULL, 92),
	(501, NULL, 48, 75, '', 371, 'Short Stance Split Squat', '', '3', '401', '*', '-', NULL, '8E', '2A', '10', '15', '20', '', '', '', NULL, '2024-12-11 04:01:30', NULL, NULL, 92),
	(502, NULL, 48, 75, '', 424, 'LI (4) SA Dumbbell Bench Press', '', '3', '201', '*', '60"', NULL, '12E', '2B', '10', '', '8E|15', '', '', '', NULL, '2024-12-11 04:01:30', NULL, NULL, 92),
	(503, NULL, 48, 75, '', 232, 'TRX Row', '', '1', '211', '1 b.', '-', NULL, '8', 'ii', '', '', '', '', '', '', NULL, '2024-12-11 04:01:30', NULL, NULL, 92),
	(504, NULL, 48, 75, '', 43, 'Kettlebell Deadlift', '', '3', '401', '*', '60"', NULL, '8', '3A', '20', '28', '32', '', '', '', NULL, '2024-12-11 04:01:30', NULL, NULL, 92),
	(505, NULL, 48, 75, '', 230, 'TRX Archer Row', '', '2', '211', '1 b.', '-', NULL, '6E', '3B', '', '', '', '', '', '', NULL, '2024-12-11 04:01:30', NULL, NULL, 92),
	(506, NULL, 48, 76, '', 437, 'CAMPS | Advance', '', '', '', '', '', NULL, '', '', '', '', '', '', '', '', NULL, '2024-12-11 04:02:05', NULL, NULL, 93),
	(507, NULL, 48, 76, '', 93, 'Ball Slam', '', '2', '-', '2', '-', NULL, '4', '1A', '', '', '', '', '', '', NULL, '2024-12-11 04:02:05', NULL, NULL, 93),
	(508, NULL, 48, 76, '', 83, 'Fake Ball Slam', '', '2', '-', '2', '60"', NULL, '4E', '1B', '', '', '', '', '', '', NULL, '2024-12-11 04:02:05', NULL, NULL, 93),
	(509, NULL, 48, 76, '', 343, 'FFE Split Squat Iso. Hold', '', '3', '201', '*', '60"', NULL, '35"E', '2', '-', '20', '22', '', '', '', NULL, '2024-12-11 04:02:05', NULL, NULL, 93),
	(510, NULL, 48, 76, '', 229, 'Neutral Grip Pull Up Iso. Hold', '', '3', '-', '-', '-', NULL, '*', '3A', '20"', '26"', '', '', '', '', NULL, '2024-12-11 04:02:05', NULL, NULL, 93),
	(511, NULL, 48, 76, '', 280, 'Incline Push Up', '', '3', '331', '*', '-', NULL, '5', '3B', 'no.4', '6"', '', '', '', '', NULL, '2024-12-11 04:02:05', NULL, NULL, 93),
	(512, NULL, 48, 76, '', 55, 'Single Leg Deadlift', '', '3', '211', '*', '60"', NULL, '8E', '3C', '8', '12', '', '', '', '', NULL, '2024-12-11 04:02:05', NULL, NULL, 93),
	(513, NULL, 48, 76, '', 484, 'Prowler Push | Breathe From Nose', '', '4', '-', '15', '15"', NULL, '1E', 'C', '', '', '', '', '', '', NULL, '2024-12-11 04:02:05', NULL, NULL, 93),
	(514, NULL, 48, 77, '', 441, 'CAMPS | Lateral Complex', '', '', '', '', '', NULL, '', '', '', '', '', '', '', '', NULL, '2024-12-11 04:02:42', NULL, NULL, 94),
	(515, NULL, 48, 77, '', 180, 'Vipr | Cross Step (Rhythm)', '', '2', '-', '8', '-', NULL, '20E', '1A', '', '', '', '', '', '', NULL, '2024-12-11 04:02:42', NULL, NULL, 94),
	(516, NULL, 48, 77, '', 421, 'Vipr | Cross Step (Power)', '', '2', '-', '8', '60"', NULL, '4E', '1B', '', '', '', '', '', '', NULL, '2024-12-11 04:02:42', NULL, NULL, 94),
	(517, NULL, 48, 77, '', 180, 'Vipr | Cross Step (Rhythm)', '', '4\'', '-', '8', '15"', NULL, '15"', 'C', '', '', '', '', '', '', NULL, '2024-12-11 04:02:42', NULL, NULL, 94),
	(518, NULL, 48, 77, '', 371, 'Short Stance Split Squat', '', '3', '401', '*', '-', NULL, '8E', '2A', '10', '15', '20', '', '', '', NULL, '2024-12-11 04:02:42', NULL, NULL, 94),
	(519, NULL, 48, 77, '', 424, 'LI (4) SA Dumbbell Bench Press', '', '3', '201', '*', '60"', NULL, '*', '2B', '12E|10', '8E|15', '', '', '', '', NULL, '2024-12-11 04:02:42', NULL, NULL, 94),
	(520, NULL, 48, 77, '', 54, 'Romanian Deadlift', '', '3', '401', '*', '-', NULL, '8', '3A', '20', '40', '50', '', '', '', NULL, '2024-12-11 04:02:42', NULL, NULL, 94),
	(521, NULL, 48, 77, '', 193, 'SA Cable Row | Bilateral Stance', '', '3', '211', '*', '60"', NULL, '8E', '3B', '15', '25', '30', '', '', '', NULL, '2024-12-11 04:02:42', NULL, NULL, 94),
	(522, NULL, 48, 79, '', 437, 'CAMPS | Advance', '', '', '', '', '', NULL, '', '', '', '', '', '', '', '', NULL, '2024-12-11 04:03:21', NULL, NULL, 96),
	(523, NULL, 48, 79, '', 484, 'Prowler Push', '', '4', '-', '*', '15"', NULL, '1E', '1', '5', '10', '15', '20', '', '', NULL, '2024-12-11 04:03:21', NULL, NULL, 96),
	(524, NULL, 48, 79, '', 342, 'FFE Split Squat', '', '3', '201', '*', '-', NULL, '12E', '2A', '15', '20', '', '', '', '', NULL, '2024-12-11 04:03:21', NULL, NULL, 96),
	(525, NULL, 48, 79, '', 261, 'Alt. Dumbbell Floor Press', '', '3', '201', '12E', '60"', NULL, '6|2E', '2B', '', '', '', '', '', '', NULL, '2024-12-11 04:03:21', NULL, NULL, 96),
	(526, NULL, 48, 79, '', 234, 'TRX Row Iso. Hold', '', '1', '-', '1 b.', '-', NULL, '45"', 'iii', '', '', '', '', '', '', NULL, '2024-12-11 04:03:21', NULL, NULL, 96),
	(527, NULL, 48, 79, '', 232, 'TRX Row', '', '2', '211', '1 b.', '-', NULL, '2|5', '3A', '', '', '', '', '', '', NULL, '2024-12-11 04:03:21', NULL, NULL, 96),
	(528, NULL, 48, 79, '', 8, 'Hooklying Low Reach', '', '3', '-', '*', '60"', NULL, '60"', '3B', '-', 'SA', '', '', '', '', NULL, '2024-12-11 04:03:21', NULL, NULL, 96),
	(529, NULL, 50, 80, '', 456, 'Feet on Wall Breathing', '', '1', 'B', '-', '-', NULL, '3', 'iA', '', '', '', '', '', '', NULL, '2024-12-11 19:29:30', NULL, NULL, 97),
	(530, NULL, 50, 80, '', 422, 'Supine Plank', '', '1', 'B', '-', '-', NULL, '3', 'iB', '', '', '', '', '', '', NULL, '2024-12-11 19:29:30', NULL, NULL, 97),
	(531, NULL, 50, 80, '', 307, 'High Plank', '', '1', 'B', '-', '-', NULL, '3', 'iC', '', '', '', '', '', '', NULL, '2024-12-11 19:29:30', NULL, NULL, 97),
	(532, NULL, 50, 80, '', 280, 'Incline Push Up', '', '3', '331', '*', '-', NULL, '2|4', '1A', 'no. 8', 'no.6', 'no.4', '', '', '', NULL, '2024-12-11 19:29:30', NULL, NULL, 97),
	(533, NULL, 50, 80, '', 335, 'Goblet Squat', '', '3', '331', '*', '60"', NULL, '2|4', '1B', '12', '15', '17', '20', '22', '', NULL, '2024-12-11 19:29:30', NULL, NULL, 97),
	(534, NULL, 50, 80, '', 234, 'TRX Row Iso. Hold', '', '3', '-', '1 b.', '-', NULL, '45"', '2C', '', '', '', '', '', '', NULL, '2024-12-11 19:29:30', NULL, NULL, 97),
	(535, NULL, 50, 80, '', 438, 'CAMPS | Back Butt Kick Power', '', '', '', '', '', NULL, '', '', '', '', '', '', '', '', NULL, '2024-12-11 19:30:12', NULL, NULL, 98),
	(536, NULL, 50, 80, '', 343, 'FFE Split Squat Iso. Hold', '', '3', '-', '-', '-', NULL, '35"E', '1A', '', '', '', '', '', '', NULL, '2024-12-11 19:30:12', NULL, NULL, 98),
	(537, NULL, 50, 80, '', 280, 'Incline Push Up (Review)', '', '1', '331', 'no. 4', '60"', NULL, '2|4', '1B1', '', '', '', '', '', '', NULL, '2024-12-11 19:30:12', NULL, NULL, 98),
	(538, NULL, 50, 80, '', 261, 'Alt. Dumbbell Floor Press', '', '2', '201', '*', '60"', NULL, '12E', '1B2', '7E', '10E', '15E', '', '', '', NULL, '2024-12-11 19:30:12', NULL, NULL, 98),
	(539, NULL, 50, 80, '', 234, 'TRX Row Iso. Hold', '', '3', '-', '1.2 b', '-', NULL, '50"', '2A', '', '', '', '', '', '', NULL, '2024-12-11 19:30:12', NULL, NULL, 98),
	(540, NULL, 50, 80, '', 56, 'Single Leg Turn', '', '3', 'B', '-', '60"', NULL, '2|2E', '2B', '', '', '', '', '', '', NULL, '2024-12-11 19:30:12', NULL, NULL, 98),
	(541, NULL, 50, 81, '', 438, 'CAMPS | Back Butt Kick Power', '', '', '', '', '', NULL, '', '', '', '', '', '', '', '', NULL, '2024-12-11 19:31:11', NULL, NULL, 99),
	(542, NULL, 50, 81, '', 280, 'Incline Push Up', '', '3', '331', '*', '-', NULL, '2|4', '1A', 'no.6', 'no.4', '-', '', '', '', NULL, '2024-12-11 19:31:11', NULL, NULL, 99),
	(543, NULL, 50, 81, '', 335, 'Goblet Squat', '', '3', '331', '*', '60"', NULL, '2|4', '1B', '20', '30', '', '', '', '', NULL, '2024-12-11 19:31:11', NULL, NULL, 99),
	(544, NULL, 50, 81, '', 234, 'TRX Row Iso. Hold', '', '1', '-', '1 b.', '-', NULL, '45"', 'iiA', '', '', '', '', '', '', NULL, '2024-12-11 19:31:11', NULL, NULL, 99),
	(545, NULL, 50, 81, '', 56, 'Single Leg Turn', '', '1', 'B', '-', '60"', NULL, '4|2E', 'iiB', '', '', '', '', '', '', NULL, '2024-12-11 19:31:11', NULL, NULL, 99),
	(546, NULL, 50, 81, '', 232, 'TRX Row', '', '2', '211', '1 b.', '-', NULL, '2|4', '2A', '', '', '', '', '', '', NULL, '2024-12-11 19:31:11', NULL, NULL, 99),
	(547, NULL, 50, 81, '', 440, 'CAMPS | Hip Rotate', '', '', '', '', '', NULL, '', '', '', '', '', '', '', '', NULL, '2024-12-11 19:31:48', NULL, NULL, 100),
	(548, NULL, 50, 81, '', 82, 'Heavy Ball Chest Pass (Rhythm)', '', '2', '-', '2', '-', NULL, '20', '1A', '', '', '', '', '', '', NULL, '2024-12-11 19:31:48', NULL, NULL, 100),
	(549, NULL, 50, 81, '', 435, 'Heavy Ball Chest Pass (Power)', '', '2', '-', '2', '60"', NULL, '10', '1B', '', '', '', '', '', '', NULL, '2024-12-11 19:31:48', NULL, NULL, 100),
	(550, NULL, 50, 81, '', 343, 'FFE Split Squat Iso. Hold', '', '3', '-', '-', '-', NULL, '35"E', '2A', '', '', '', '', '', '', NULL, '2024-12-11 19:31:48', NULL, NULL, 100),
	(551, NULL, 50, 81, '', 261, 'Alt. Dumbbell Floor Press', '', '3', '201', '*', '60"', NULL, '*', '2B', '12E|10E', '9E|15E', '', '', '', '', NULL, '2024-12-11 19:31:48', NULL, NULL, 100),
	(552, NULL, 50, 81, '', 191, 'Seated Row', '', '3', '211', '*', '-', NULL, '*', '3A', '12|40', '10|60', '', '', '', '', NULL, '2024-12-11 19:31:48', NULL, NULL, 100),
	(553, NULL, 50, 81, '', 8, 'Hooklying Low Reach', '', '3', '-', '-', '60"', NULL, '60"', '3B', '', '', '', '', '', '', NULL, '2024-12-11 19:31:48', NULL, NULL, 100),
	(554, NULL, 50, 81, '', 443, 'CAMPS | Lateral Squat', '', '', '', '', '', NULL, '', '', '', '', '', '', '', '', NULL, '2024-12-11 19:32:26', NULL, NULL, 101),
	(555, NULL, 50, 81, '', 484, 'Prowler Push', '', '4', '-', '-', '15"', NULL, '1E', '1', '', '', '', '', '', '', NULL, '2024-12-11 19:32:26', NULL, NULL, 101),
	(556, NULL, 50, 81, '', 280, 'Incline Push Up', '', '1', '331', 'no. 4', '60"', NULL, '2|4', 'i', '', '', '', '', '', '', NULL, '2024-12-11 19:32:26', NULL, NULL, 101),
	(557, NULL, 50, 81, '', 335, 'Goblet Squat', '', '3', '331', '*', '-', NULL, '2|4', '1A', '20', '30', '', '', '', '', NULL, '2024-12-11 19:32:26', NULL, NULL, 101),
	(558, NULL, 50, 81, '', 492, 'Incline Push Up Iso. Hold', '', '2', '-', 'no. 6', '60"', NULL, '45"', '1B', '', '', '', '', '', '', NULL, '2024-12-11 19:32:26', NULL, NULL, 101),
	(559, NULL, 50, 81, '', 234, 'TRX Row Iso. Hold', '', '1', '-', '1 b.', '-', NULL, '45"', 'iiA', '', '', '', '', '', '', NULL, '2024-12-11 19:32:26', NULL, NULL, 101),
	(560, NULL, 50, 81, '', 56, 'Single Leg Turn', '', '1', 'B', '-', '60"', NULL, '4|2E', 'iiB', '', '', '', '', '', '', NULL, '2024-12-11 19:32:26', NULL, NULL, 101),
	(561, NULL, 50, 81, '', 232, 'TRX Row', '', '2', '211', '1 b.', '-', NULL, '2|4', '2A', '', '', '', '', '', '', NULL, '2024-12-11 19:32:26', NULL, NULL, 101),
	(562, NULL, 50, 81, '', 55, 'Single Leg Deadlift', '', '2', '211', '*', '60"', NULL, '8E', '2B', 'Ast.', '8', '', '', '', '', NULL, '2024-12-11 19:32:26', NULL, NULL, 101),
	(563, '2024-12-11 10:00:00', 44, 82, '', 443, 'CAMPS Lateral Squat', NULL, NULL, NULL, NULL, NULL, NULL, NULL, NULL, NULL, NULL, NULL, NULL, NULL, NULL, '2024-12-11 20:01:50', '2024-12-11 20:01:50', 6, NULL, 102),
	(564, '2024-12-11 10:00:00', 44, 82, '', 376, 'Single Leg Squat to Box', NULL, '3', '401', '*', '-', NULL, '8E', '1A', '2,1,- p.', '-', '-', NULL, NULL, NULL, '2024-12-11 21:07:53', '2024-12-11 20:08:07', 6, 6, 102),
	(565, '2024-12-11 10:00:00', 44, 82, '', 426, 'Dumbbell Incline (4) Bench Single Arm Press', NULL, '3', '211', '*', '60"', NULL, '*', '1B', '12E|7', '10E|10', NULL, NULL, NULL, NULL, '2024-12-11 21:07:06', '2024-12-11 20:12:02', 6, 6, 102),
	(566, '2024-12-11 10:00:00', 44, 82, '', 229, 'Neutral Grip Pull Up Isometric Hold', NULL, '3', '-', '-', '-', NULL, '22"', '2A', NULL, NULL, NULL, NULL, NULL, NULL, '2024-12-11 20:14:56', '2024-12-11 20:14:56', 6, NULL, 102),
	(567, '2024-12-11 10:00:00', 44, 82, '', 43, 'Kettlebell Deadlift', NULL, '3', '401', '*', '60"', NULL, '8', '2B', '12', '20', '24*', NULL, NULL, NULL, '2024-12-11 20:18:19', '2024-12-11 20:18:19', 6, NULL, 102),
	(568, '2024-12-11 10:00:00', 44, 82, '', 484, 'Prowler Push', NULL, '4', '-', '*', '15"', NULL, '1E', 'C', '0', '5', '10', '15', NULL, NULL, '2024-12-11 20:20:16', '2024-12-11 20:20:16', 6, NULL, 102),
	(569, '2024-12-13 17:00:00', 133, 83, '', 2, 'Alternating Bridge March Back on Bench', NULL, NULL, NULL, NULL, NULL, NULL, NULL, NULL, NULL, NULL, NULL, NULL, NULL, NULL, '2024-12-14 12:08:38', '2024-12-14 12:08:38', 3, NULL, 103),
	(570, '2024-01-24 17:00:00', 45, 41, '', 343, 'Front Foot Elevated Split Squat Isometric Hold', 'I', '1', '3', '4', '5', NULL, '2', '2B', '6', '7', '8', '9', '10', '11', '2024-12-25 05:25:52', '2024-12-25 04:45:00', 3, 3, 114),
	(574, '2024-04-29 17:00:00', 45, 51, '', 232, 'Suspension Row', NULL, 'n', 'w', NULL, NULL, NULL, 'e', '7', NULL, NULL, NULL, NULL, NULL, NULL, '2025-01-07 10:43:42', '2025-01-07 10:43:42', 3, NULL, NULL),
	(575, '2024-04-29 17:00:00', 45, 51, '', 232, 'Suspension Row', NULL, '123', NULL, NULL, NULL, NULL, NULL, NULL, NULL, NULL, NULL, NULL, NULL, NULL, '2025-01-07 10:45:38', '2025-01-07 10:45:38', 3, NULL, NULL),
	(576, '2024-04-29 17:00:00', 45, 51, '', 1, 'Alternating Bridge March', NULL, NULL, NULL, NULL, NULL, NULL, NULL, NULL, NULL, NULL, NULL, NULL, NULL, NULL, '2025-01-07 10:59:52', '2025-01-07 10:59:52', 3, NULL, NULL),
	(577, '2024-04-29 17:00:00', 45, 51, '', 1, 'Alternating Bridge March', NULL, NULL, NULL, NULL, NULL, NULL, NULL, NULL, NULL, NULL, NULL, NULL, NULL, NULL, '2025-01-07 11:01:39', '2025-01-07 11:01:39', 3, NULL, NULL),
	(578, '2024-04-29 17:00:00', 45, 51, '', 2, 'Alternating Bridge March Back on Bench', NULL, NULL, NULL, NULL, NULL, NULL, NULL, NULL, NULL, NULL, NULL, NULL, NULL, NULL, '2025-01-07 11:03:52', '2025-01-07 11:03:52', 3, NULL, NULL),
	(579, '2024-04-29 17:00:00', 45, 51, '', 3, 'Alternating Reverse Plank', NULL, 'x', NULL, NULL, NULL, NULL, NULL, NULL, NULL, NULL, NULL, NULL, NULL, NULL, '2025-01-07 11:04:53', '2025-01-07 11:04:53', 3, NULL, NULL),
	(580, '2024-04-29 17:00:00', 45, 51, '', 1, 'Alternating Bridge March', NULL, NULL, NULL, NULL, NULL, NULL, NULL, NULL, NULL, NULL, NULL, NULL, NULL, NULL, '2025-01-07 11:15:09', '2025-01-07 11:15:09', 3, NULL, NULL),
	(581, '2024-04-29 17:00:00', 45, 51, '', 1, 'Alternating Bridge March', NULL, 'b', NULL, NULL, NULL, NULL, NULL, NULL, '123', NULL, NULL, NULL, NULL, NULL, '2025-01-07 12:23:20', '2025-01-07 11:17:42', 3, 3, 65),
	(582, '2024-04-29 17:00:00', 45, 51, '', 232, 'Suspension Row', '', 'q', 'e', NULL, NULL, 'Y', 'w', '5A', NULL, NULL, NULL, NULL, NULL, NULL, '2025-01-07 11:21:51', '2025-01-07 11:18:57', 3, 3, 65),
	(583, '2024-12-13 17:00:00', 133, 83, '', 507, 'test breathing', NULL, NULL, NULL, NULL, NULL, NULL, NULL, NULL, NULL, NULL, NULL, NULL, NULL, NULL, '2025-01-07 18:57:05', '2025-01-07 18:57:05', 3, NULL, 103);

-- Dumping structure for table andalan.users
CREATE TABLE IF NOT EXISTS `users` (
  `id` bigint(20) unsigned NOT NULL AUTO_INCREMENT,
  `name` varchar(255) NOT NULL,
  `email` varchar(255) NOT NULL,
  `email_verified_at` timestamp NULL DEFAULT NULL,
  `last_login` timestamp NULL DEFAULT NULL,
  `password` varchar(255) NOT NULL,
  `role` varchar(255) NOT NULL DEFAULT 'ADMIN',
  `phone` varchar(25) DEFAULT NULL,
  `remember_token` varchar(100) DEFAULT NULL,
  `created_at` timestamp NULL DEFAULT current_timestamp(),
  `updated_at` timestamp NULL DEFAULT NULL,
  `created_by` int(11) DEFAULT NULL,
  `updated_by` int(11) DEFAULT NULL,
  PRIMARY KEY (`id`),
  UNIQUE KEY `users_email_unique` (`email`)
) ENGINE=InnoDB AUTO_INCREMENT=7 DEFAULT CHARSET=utf8mb4 COLLATE=utf8mb4_unicode_ci;

-- Dumping data for table andalan.users: ~5 rows (approximately)
INSERT INTO `users` (`id`, `name`, `email`, `email_verified_at`, `last_login`, `password`, `role`, `phone`, `remember_token`, `created_at`, `updated_at`, `created_by`, `updated_by`) VALUES
	(1, 'Finicode', 'finicode', NULL, '2024-10-13 20:16:05', '$2y$10$UU9kucaD6b.7JP7SpsNMZ.7KKUrTaNVzVYYhns5uZmrguu7NtqkQe', 'SUPERADMIN', '', NULL, NULL, '2024-10-13 20:16:05', NULL, NULL),
	(2, 'Derry Drew', 'DRE', NULL, '2024-12-11 21:00:42', '$2y$10$vALGrYSnfRdST2pgMyW7NuB4XJmW.y0JMW4WRQf1fJhuM28NP3oQa', 'SUPERADMIN', NULL, NULL, '2024-03-15 17:32:44', '2024-12-11 21:00:42', NULL, NULL),
	(3, 'nike', 'NIK', NULL, '2025-03-11 05:04:35', '$2y$10$Cowu6y18OL.lK0UK5DE/x..HRvcdx8denu4MTf.1cQu8TGNKc5hNe', 'SUPERADMIN', '081387581993', NULL, '2024-10-09 07:11:12', '2025-03-11 05:04:35', NULL, NULL),
	(5, 'Rodmundus Ottu Ray', 'ROR', NULL, '2024-12-08 23:04:58', '$2y$10$.yPP58dxClEWnTmqGib9zO8budss0A/6.w78k/W6hJmUUGGZtwIf2', 'ADMIN', NULL, NULL, '2024-12-05 17:55:22', '2024-12-08 23:04:58', NULL, NULL),
	(6, 'Annisa Wiidyarni', 'AWE', NULL, '2024-12-11 19:48:23', '$2y$10$rBKJTInLJnJFOtinmZmH3Ol9QTtnK.L8pdDy/HZyEh2cdY53tmOyi', 'ADMIN', NULL, NULL, '2024-12-05 17:55:57', '2024-12-11 19:48:23', NULL, NULL);

/*!40103 SET TIME_ZONE=IFNULL(@OLD_TIME_ZONE, 'system') */;
/*!40101 SET SQL_MODE=IFNULL(@OLD_SQL_MODE, '') */;
/*!40014 SET FOREIGN_KEY_CHECKS=IFNULL(@OLD_FOREIGN_KEY_CHECKS, 1) */;
/*!40101 SET CHARACTER_SET_CLIENT=@OLD_CHARACTER_SET_CLIENT */;
/*!40111 SET SQL_NOTES=IFNULL(@OLD_SQL_NOTES, 1) */;
